    INFO: 2026-04-08 09:39:28,244:               log.py:   20: Logging to C:\Users\jesus\Desktop\AI-research-feedback\mdpdf.log
   DEBUG: 2026-04-08 09:39:28,244:               cli.py:  103: PRE_SUBMISSION_REVIEW_2026-04-08.md
    INFO: 2026-04-08 09:39:28,251:         converter.py:   14: PRE_SUBMISSION_REVIEW_2026-04-08.md
   DEBUG: 2026-04-08 09:39:28,272:      pdf_renderer.py:  470: printSegment: Pre-Submission Referee Report
   DEBUG: 2026-04-08 09:39:28,282:      pdf_renderer.py:  470: printSegment: Paper
   DEBUG: 2026-04-08 09:39:28,290:      pdf_renderer.py:  470: printSegment: : Wage Subsidies vs. Vocational Training for Young Men: Experimental Evidence from a Factorial
   DEBUG: 2026-04-08 09:39:28,293:      pdf_renderer.py:  470: printSegment: Randomized Controlled Trial
   DEBUG: 2026-04-08 09:39:28,294:      pdf_renderer.py:  470: printSegment:  
   DEBUG: 2026-04-08 09:39:28,295:      pdf_renderer.py:  470: printSegment: Authors
   DEBUG: 2026-04-08 09:39:28,295:      pdf_renderer.py:  470: printSegment: : Anonymous
   DEBUG: 2026-04-08 09:39:28,296:      pdf_renderer.py:  470: printSegment:  
   DEBUG: 2026-04-08 09:39:28,296:      pdf_renderer.py:  470: printSegment: Date
   DEBUG: 2026-04-08 09:39:28,297:      pdf_renderer.py:  470: printSegment: : 2026-04-08
   DEBUG: 2026-04-08 09:39:28,297:      pdf_renderer.py:  470: printSegment:  
   DEBUG: 2026-04-08 09:39:28,298:      pdf_renderer.py:  470: printSegment: Review Standard
   DEBUG: 2026-04-08 09:39:28,299:      pdf_renderer.py:  470: printSegment: : Leading Field Journal
   DEBUG: 2026-04-08 09:39:28,300:      pdf_renderer.py:  470: printSegment: Overall Assessment
   DEBUG: 2026-04-08 09:39:28,320:      pdf_renderer.py:  470: printSegment: The paper uses a 2x2 factorial RCT among 1,347 young men to show that employment vouchers generate a 39.9 pp
   DEBUG: 2026-04-08 09:39:28,327:      pdf_renderer.py:  470: printSegment: short-run employment effect that fades to 3.0 pp by endline, vocational training alone is ineffective, and the two
   DEBUG: 2026-04-08 09:39:28,329:      pdf_renderer.py:  470: printSegment: interventions exhibit zero complementarity. The contribution is rated as 
   DEBUG: 2026-04-08 09:39:28,329:      pdf_renderer.py:  470: printSegment: Incremental
   DEBUG: 2026-04-08 09:39:28,399:      pdf_renderer.py:  470: printSegment: : the individual findings
   DEBUG: 2026-04-08 09:39:28,461:      pdf_renderer.py:  470: printSegment: (voucher fade-out, null training) replicate well-known patterns, while the factorial interaction test -- the main
   DEBUG: 2026-04-08 09:39:28,497:      pdf_renderer.py:  470: printSegment: value-added -- yields a precisely estimated null in an anonymized context without cost data. The single most critical
   DEBUG: 2026-04-08 09:39:28,515:      pdf_renderer.py:  470: printSegment: issue is the anonymized setting: without disclosing the country, voucher structure, training content, compliance
   DEBUG: 2026-04-08 09:39:28,520:      pdf_renderer.py:  470: printSegment: rates, or timing of surveys relative to the intervention, the paper is an experiment without a denominator, preventing
   DEBUG: 2026-04-08 09:39:28,521:      pdf_renderer.py:  470: printSegment: any meaningful assessment of external validity or mechanisms.
   DEBUG: 2026-04-08 09:39:28,522:      pdf_renderer.py:  470: printSegment: Preliminary Recommendation
   DEBUG: 2026-04-08 09:39:28,523:      pdf_renderer.py:  470: printSegment: : Desk reject
   DEBUG: 2026-04-08 09:39:28,524:      pdf_renderer.py:  470: printSegment: 1. Contribution 
   DEBUG: 2026-04-08 09:39:28,525:      pdf_renderer.py:  470: printSegment: &
   DEBUG: 2026-04-08 09:39:28,525:      pdf_renderer.py:  470: printSegment:  Referee Assessment
   DEBUG: 2026-04-08 09:39:28,526:      pdf_renderer.py:  470: printSegment: Part 1 -- Central Contribution
   DEBUG: 2026-04-08 09:39:28,538:      pdf_renderer.py:  470: printSegment: The paper claims to show, via a factorial RCT among 1,347 young men, that employment vouchers generate large
   DEBUG: 2026-04-08 09:39:28,541:      pdf_renderer.py:  470: printSegment: short-run employment gains that mostly fade out, vocational training alone is ineffective, and the two interventions
   DEBUG: 2026-04-08 09:39:28,542:      pdf_renderer.py:  470: printSegment: exhibit zero complementarity.
   DEBUG: 2026-04-08 09:39:28,543:      pdf_renderer.py:  470: printSegment: l
   DEBUG: 2026-04-08 09:39:28,544:      pdf_renderer.py:  470: printSegment: Is this finding genuinely new?
   DEBUG: 2026-04-08 09:39:28,598:      pdf_renderer.py:  470: printSegment:  Partially. The large short-run voucher effect that fades is
   DEBUG: 2026-04-08 09:39:28,637:      pdf_renderer.py:  470: printSegment: well-documented (Galasso et al. 2004; Levinsohn et al. 2014; Groh et al. 2016). The null training
   DEBUG: 2026-04-08 09:39:28,659:      pdf_renderer.py:  470: printSegment: result is consistent with the pessimistic end of Card et al. (2018). The genuinely novel contribution
   DEBUG: 2026-04-08 09:39:28,667:      pdf_renderer.py:  470: printSegment: is the factorial test of interaction -- but the finding of zero interaction, while policy-relevant, is a null
   DEBUG: 2026-04-08 09:39:28,668:      pdf_renderer.py:  470: printSegment: result on an effect that few priors would place far from zero anyway.
   DEBUG: 2026-04-08 09:39:28,669:      pdf_renderer.py:  470: printSegment: l
   DEBUG: 2026-04-08 09:39:28,671:      pdf_renderer.py:  470: printSegment: Closest prior paper:
   DEBUG: 2026-04-08 09:39:28,689:      pdf_renderer.py:  470: printSegment:  Groh et al. (2016) evaluate a voucher program for young people in Jordan
   DEBUG: 2026-04-08 09:39:28,699:      pdf_renderer.py:  470: printSegment: with similarly strong short-run effects and fade-out. The factorial design adds the interaction test,
   DEBUG: 2026-04-08 09:39:28,701:      pdf_renderer.py:  470: printSegment: but this paper does not offer the institutional or theoretical depth that Groh et al. provide.
   DEBUG: 2026-04-08 09:39:28,702:      pdf_renderer.py:  470: printSegment: l
   DEBUG: 2026-04-08 09:39:28,703:      pdf_renderer.py:  470: printSegment: Rating:
   DEBUG: 2026-04-08 09:39:28,703:      pdf_renderer.py:  470: printSegment:  
   DEBUG: 2026-04-08 09:39:28,704:      pdf_renderer.py:  470: printSegment: Incremental
   DEBUG: 2026-04-08 09:39:28,705:      pdf_renderer.py:  470: printSegment: l
   DEBUG: 2026-04-08 09:39:28,739:      pdf_renderer.py:  470: printSegment: The individual findings (voucher fade-out, null training) replicate well-known patterns. The factorial
   DEBUG: 2026-04-08 09:39:28,757:      pdf_renderer.py:  470: printSegment: interaction test is the value-added, but a precisely estimated zero on one interaction term in one
   DEBUG: 2026-04-08 09:39:28,763:      pdf_renderer.py:  470: printSegment: anonymous context, without cost data or a structural model, does not clear the bar for a significant
   DEBUG: 2026-04-08 09:39:28,765:      pdf_renderer.py:  470: printSegment: advance. The paper confirms rather than challenges prevailing priors.
   DEBUG: 2026-04-08 09:39:28,766:      pdf_renderer.py:  470: printSegment: Part 2 -- Identification and Credibility
   DEBUG: 2026-04-08 09:39:28,767:      pdf_renderer.py:  470: printSegment: What variation identifies the main result?
   DEBUG: 2026-04-08 09:39:28,769:      pdf_renderer.py:  470: printSegment:  Individual-level random assignment in a 2x2 factorial design. This is
   DEBUG: 2026-04-08 09:39:28,770:      pdf_renderer.py:  470: printSegment: clean experimental variation.
   DEBUG: 2026-04-08 09:39:28,771:      pdf_renderer.py:  470: printSegment: Is it plausibly exogenous?
   DEBUG: 2026-04-08 09:39:28,775:      pdf_renderer.py:  470: printSegment:  Yes, the balance table and placebo tests are consistent with successful randomization.
   DEBUG: 2026-04-08 09:39:28,776:      pdf_renderer.py:  470: printSegment: The design is well-executed on this dimension.
   DEBUG: 2026-04-08 09:39:28,777:      pdf_renderer.py:  470: printSegment: Main threats:
   DEBUG: 2026-04-08 09:39:28,778:      pdf_renderer.py:  470: printSegment:  1 
   DEBUG: 2026-04-08 09:39:28,779:      pdf_renderer.py:  470: printSegment: Attrition:
   DEBUG: 2026-04-08 09:39:28,784:      pdf_renderer.py:  470: printSegment:  7-10% attrition from baseline to survey waves, which is moderate. Lee bounds are
   DEBUG: 2026-04-08 09:39:28,785:      pdf_renderer.py:  470: printSegment: implemented but midline salary bounds span zero (
   DEBUG: 2026-04-08 09:39:28,786:      pdf_renderer.py:  470: printSegment: [
   DEBUG: 2026-04-08 09:39:28,787:      pdf_renderer.py:  470: printSegment: -12.19, +45.04
   DEBUG: 2026-04-08 09:39:28,787:      pdf_renderer.py:  470: printSegment: ]
   DEBUG: 2026-04-08 09:39:28,795:      pdf_renderer.py:  470: printSegment: ), materially undermining the
   DEBUG: 2026-04-08 09:39:28,798:      pdf_renderer.py:  470: printSegment: headline salary result. The paper emphasizes endline salary bounds (strictly positive) while the
   DEBUG: 2026-04-08 09:39:28,799:      pdf_renderer.py:  470: printSegment: midline salary bounds receive less emphasis.
   DEBUG: 2026-04-08 09:39:28,800:      pdf_renderer.py:  470: printSegment:  2 
   DEBUG: 2026-04-08 09:39:28,801:      pdf_renderer.py:  470: printSegment: Anonymized context:
   DEBUG: 2026-04-08 09:39:28,815:      pdf_renderer.py:  470: printSegment:  The country, implementing agency, voucher structure, training content,
   DEBUG: 2026-04-08 09:39:28,821:      pdf_renderer.py:  470: printSegment: duration, timing between waves, and voucher amount are all undisclosed. This makes it impossible
   DEBUG: 2026-04-08 09:39:28,822:      pdf_renderer.py:  470: printSegment: to assess external validity, compare with other studies, or understand mechanisms.
   DEBUG: 2026-04-08 09:39:28,823:      pdf_renderer.py:  470: printSegment:  3 
   DEBUG: 2026-04-08 09:39:28,824:      pdf_renderer.py:  470: printSegment: No compliance data:
   DEBUG: 2026-04-08 09:39:28,834:      pdf_renderer.py:  470: printSegment:  No discussion of take-up rates. Did all voucher recipients use the voucher?
   DEBUG: 2026-04-08 09:39:28,838:      pdf_renderer.py:  470: printSegment: Did all training assignees attend? Without compliance data, the enormous midline employment
   DEBUG: 2026-04-08 09:39:28,839:      pdf_renderer.py:  470: printSegment: effect (39.9 pp) is difficult to interpret.
   DEBUG: 2026-04-08 09:39:28,840:      pdf_renderer.py:  470: printSegment:  4 
   DEBUG: 2026-04-08 09:39:28,841:      pdf_renderer.py:  470: printSegment: Outcome definitions are vague:
   DEBUG: 2026-04-08 09:39:28,841:      pdf_renderer.py:  470: printSegment:  
   DEBUG: 2026-04-08 09:39:28,842:      pdf_renderer.py:  470: printSegment: "
   DEBUG: 2026-04-08 09:39:28,842:      pdf_renderer.py:  470: printSegment: Employment
   DEBUG: 2026-04-08 09:39:28,843:      pdf_renderer.py:  470: printSegment: "
   DEBUG: 2026-04-08 09:39:28,843:      pdf_renderer.py:  470: printSegment:  and 
   DEBUG: 2026-04-08 09:39:28,844:      pdf_renderer.py:  470: printSegment: "
   DEBUG: 2026-04-08 09:39:28,844:      pdf_renderer.py:  470: printSegment: salary
   DEBUG: 2026-04-08 09:39:28,845:      pdf_renderer.py:  470: printSegment: "
   DEBUG: 2026-04-08 09:39:28,849:      pdf_renderer.py:  470: printSegment:  are undefined beyond variable names.
   DEBUG: 2026-04-08 09:39:28,851:      pdf_renderer.py:  470: printSegment: Are these self-reported? Administrative? Is salary inclusive of the subsidy at midline?
   DEBUG: 2026-04-08 09:39:28,852:      pdf_renderer.py:  470: printSegment: What would a skeptical econometrician say?
   DEBUG: 2026-04-08 09:39:28,865:      pdf_renderer.py:  470: printSegment:  The identification is clean, but the paper is a black box. Without
   DEBUG: 2026-04-08 09:39:28,870:      pdf_renderer.py:  470: printSegment: knowing the country, voucher structure, training duration, compliance rate, or measurement protocol, the numbers
   DEBUG: 2026-04-08 09:39:28,871:      pdf_renderer.py:  470: printSegment: are uninterpretable beyond the narrow point that 
   DEBUG: 2026-04-08 09:39:28,872:      pdf_renderer.py:  470: printSegment: "
   DEBUG: 2026-04-08 09:39:28,874:      pdf_renderer.py:  470: printSegment: this particular voucher in this particular setting had a large
   DEBUG: 2026-04-08 09:39:28,874:      pdf_renderer.py:  470: printSegment: short-run effect.
   DEBUG: 2026-04-08 09:39:28,875:      pdf_renderer.py:  470: printSegment: "
   DEBUG: 2026-04-08 09:39:28,876:      pdf_renderer.py:  470: printSegment:  If midline was measured while the voucher was still active, the result is purely mechanical.
   DEBUG: 2026-04-08 09:39:28,877:      pdf_renderer.py:  470: printSegment: Part 3 -- Analyses: Required and Suggested
   DEBUG: 2026-04-08 09:39:28,878:      pdf_renderer.py:  470: printSegment: Required:
   DEBUG: 2026-04-08 09:39:28,878:      pdf_renderer.py:  470: printSegment:  1 
   DEBUG: 2026-04-08 09:39:28,879:      pdf_renderer.py:  470: printSegment: [
   DEBUG: 2026-04-08 09:39:28,880:      pdf_renderer.py:  470: printSegment: CRITICAL
   DEBUG: 2026-04-08 09:39:28,880:      pdf_renderer.py:  470: printSegment: ]
   DEBUG: 2026-04-08 09:39:28,881:      pdf_renderer.py:  470: printSegment:  
   DEBUG: 2026-04-08 09:39:28,881:      pdf_renderer.py:  470: printSegment: Disclose the context.
   DEBUG: 2026-04-08 09:39:28,899:      pdf_renderer.py:  470: printSegment:  The country, implementing organization, voucher
   DEBUG: 2026-04-08 09:39:28,911:      pdf_renderer.py:  470: printSegment: value/duration, training content/duration, and timing of midline/endline relative to intervention must
   DEBUG: 2026-04-08 09:39:28,914:      pdf_renderer.py:  470: printSegment: be revealed. If midline occurs during the voucher period, the employment effect is mechanical and
   DEBUG: 2026-04-08 09:39:28,915:      pdf_renderer.py:  470: printSegment: the entire framing collapses.
   DEBUG: 2026-04-08 09:39:28,915:      pdf_renderer.py:  470: printSegment:  2 
   DEBUG: 2026-04-08 09:39:28,916:      pdf_renderer.py:  470: printSegment: [
   DEBUG: 2026-04-08 09:39:28,916:      pdf_renderer.py:  470: printSegment: CRITICAL
   DEBUG: 2026-04-08 09:39:28,917:      pdf_renderer.py:  470: printSegment: ]
   DEBUG: 2026-04-08 09:39:28,918:      pdf_renderer.py:  470: printSegment:  
   DEBUG: 2026-04-08 09:39:28,918:      pdf_renderer.py:  470: printSegment: Report compliance/take-up rates.
   DEBUG: 2026-04-08 09:39:28,925:      pdf_renderer.py:  470: printSegment:  What fraction of voucher recipients actually used
   DEBUG: 2026-04-08 09:39:28,927:      pdf_renderer.py:  470: printSegment: the voucher? What fraction of training assignees completed training? Readers need the first stage to
   DEBUG: 2026-04-08 09:39:28,928:      pdf_renderer.py:  470: printSegment: interpret magnitudes.
   DEBUG: 2026-04-08 09:39:28,929:      pdf_renderer.py:  470: printSegment:  3 
   DEBUG: 2026-04-08 09:39:28,929:      pdf_renderer.py:  470: printSegment: [
   DEBUG: 2026-04-08 09:39:28,930:      pdf_renderer.py:  470: printSegment: CRITICAL
   DEBUG: 2026-04-08 09:39:28,931:      pdf_renderer.py:  470: printSegment: ]
   DEBUG: 2026-04-08 09:39:28,931:      pdf_renderer.py:  470: printSegment:  
   DEBUG: 2026-04-08 09:39:28,932:      pdf_renderer.py:  470: printSegment: Clarify outcome measurement.
   DEBUG: 2026-04-08 09:39:28,933:      pdf_renderer.py:  470: printSegment:  Are outcomes self-reported or administrative? What
   DEBUG: 2026-04-08 09:39:28,934:      pdf_renderer.py:  470: printSegment: does 
   DEBUG: 2026-04-08 09:39:28,935:      pdf_renderer.py:  470: printSegment: "
   DEBUG: 2026-04-08 09:39:28,935:      pdf_renderer.py:  470: printSegment: employment
   DEBUG: 2026-04-08 09:39:28,936:      pdf_renderer.py:  470: printSegment: "
   DEBUG: 2026-04-08 09:39:28,937:      pdf_renderer.py:  470: printSegment:  mean? What currency? Is salary inclusive of the subsidy itself at midline?
   DEBUG: 2026-04-08 09:39:28,937:      pdf_renderer.py:  470: printSegment:  4 
   DEBUG: 2026-04-08 09:39:28,938:      pdf_renderer.py:  470: printSegment: [
   DEBUG: 2026-04-08 09:39:28,939:      pdf_renderer.py:  470: printSegment: CRITICAL
   DEBUG: 2026-04-08 09:39:28,940:      pdf_renderer.py:  470: printSegment: ]
   DEBUG: 2026-04-08 09:39:28,940:      pdf_renderer.py:  470: printSegment:  
   DEBUG: 2026-04-08 09:39:28,941:      pdf_renderer.py:  470: printSegment: Address whether midline employment includes subsidized jobs.
   DEBUG: 2026-04-08 09:39:28,943:      pdf_renderer.py:  470: printSegment:  If the voucher is
   DEBUG: 2026-04-08 09:39:28,944:      pdf_renderer.py:  470: printSegment: still active at midline and 
   DEBUG: 2026-04-08 09:39:28,944:      pdf_renderer.py:  470: printSegment: "
   DEBUG: 2026-04-08 09:39:28,945:      pdf_renderer.py:  470: printSegment: employment
   DEBUG: 2026-04-08 09:39:28,946:      pdf_renderer.py:  470: printSegment: "
   DEBUG: 2026-04-08 09:39:28,948:      pdf_renderer.py:  470: printSegment:  captures the subsidized position, the 39.9 pp effect is not
   DEBUG: 2026-04-08 09:39:28,949:      pdf_renderer.py:  470: printSegment: evidence that vouchers 
   DEBUG: 2026-04-08 09:39:28,950:      pdf_renderer.py:  470: printSegment: "
   DEBUG: 2026-04-08 09:39:28,950:      pdf_renderer.py:  470: printSegment: increase employment
   DEBUG: 2026-04-08 09:39:28,951:      pdf_renderer.py:  470: printSegment: "
   DEBUG: 2026-04-08 09:39:28,952:      pdf_renderer.py:  470: printSegment:  in any economically meaningful sense.
   DEBUG: 2026-04-08 09:39:28,953:      pdf_renderer.py:  470: printSegment:  5 
   DEBUG: 2026-04-08 09:39:28,953:      pdf_renderer.py:  470: printSegment: [
   DEBUG: 2026-04-08 09:39:28,954:      pdf_renderer.py:  470: printSegment: CRITICAL
   DEBUG: 2026-04-08 09:39:28,955:      pdf_renderer.py:  470: printSegment: ]
   DEBUG: 2026-04-08 09:39:28,955:      pdf_renderer.py:  470: printSegment:  
   DEBUG: 2026-04-08 09:39:28,956:      pdf_renderer.py:  470: printSegment: Provide a pre-analysis plan or registration.
   DEBUG: 2026-04-08 09:39:28,961:      pdf_renderer.py:  470: printSegment:  No mention of pre-registration or PAP.
   DEBUG: 2026-04-08 09:39:28,962:      pdf_renderer.py:  470: printSegment: Given the large number of outcomes, the multiple hypothesis testing problem must be addressed.
   DEBUG: 2026-04-08 09:39:28,963:      pdf_renderer.py:  470: printSegment: Suggested:
   DEBUG: 2026-04-08 09:39:28,964:      pdf_renderer.py:  470: printSegment:  1 
   DEBUG: 2026-04-08 09:39:28,964:      pdf_renderer.py:  470: printSegment: [
   DEBUG: 2026-04-08 09:39:28,965:      pdf_renderer.py:  470: printSegment: MAJOR
   DEBUG: 2026-04-08 09:39:28,966:      pdf_renderer.py:  470: printSegment: ]
   DEBUG: 2026-04-08 09:39:28,967:      pdf_renderer.py:  470: printSegment:  
   DEBUG: 2026-04-08 09:39:28,967:      pdf_renderer.py:  470: printSegment: Cost-effectiveness analysis.
   DEBUG: 2026-04-08 09:39:28,969:      pdf_renderer.py:  470: printSegment:  The paper repeatedly discusses policy implications but
   DEBUG: 2026-04-08 09:39:28,970:      pdf_renderer.py:  470: printSegment: provides no cost data.
   DEBUG: 2026-04-08 09:39:28,971:      pdf_renderer.py:  470: printSegment:  2 
   DEBUG: 2026-04-08 09:39:28,972:      pdf_renderer.py:  470: printSegment: [
   DEBUG: 2026-04-08 09:39:28,972:      pdf_renderer.py:  470: printSegment: MAJOR
   DEBUG: 2026-04-08 09:39:28,973:      pdf_renderer.py:  470: printSegment: ]
   DEBUG: 2026-04-08 09:39:28,974:      pdf_renderer.py:  470: printSegment:  
   DEBUG: 2026-04-08 09:39:28,975:      pdf_renderer.py:  470: printSegment: Heterogeneous treatment effects.
   DEBUG: 2026-04-08 09:39:28,977:      pdf_renderer.py:  470: printSegment:  Explore whether the voucher effect varies by baseline
   DEBUG: 2026-04-08 09:39:28,978:      pdf_renderer.py:  470: printSegment: characteristics (education, prior work experience).
   DEBUG: 2026-04-08 09:39:28,979:      pdf_renderer.py:  470: printSegment:  3 
   DEBUG: 2026-04-08 09:39:28,980:      pdf_renderer.py:  470: printSegment: [
   DEBUG: 2026-04-08 09:39:28,981:      pdf_renderer.py:  470: printSegment: MAJOR
   DEBUG: 2026-04-08 09:39:28,981:      pdf_renderer.py:  470: printSegment: ]
   DEBUG: 2026-04-08 09:39:28,982:      pdf_renderer.py:  470: printSegment:  
   DEBUG: 2026-04-08 09:39:28,983:      pdf_renderer.py:  470: printSegment: Decompose the salary effect into extensive and intensive margins.
   DEBUG: 2026-04-08 09:39:28,984:      pdf_renderer.py:  470: printSegment:  A
   DEBUG: 2026-04-08 09:39:28,986:      pdf_renderer.py:  470: printSegment: conditional-on-employment analysis would be informative.
   DEBUG: 2026-04-08 09:39:28,986:      pdf_renderer.py:  470: printSegment:  4 
   DEBUG: 2026-04-08 09:39:28,987:      pdf_renderer.py:  470: printSegment: [
   DEBUG: 2026-04-08 09:39:28,988:      pdf_renderer.py:  470: printSegment: MAJOR
   DEBUG: 2026-04-08 09:39:28,988:      pdf_renderer.py:  470: printSegment: ]
   DEBUG: 2026-04-08 09:39:28,989:      pdf_renderer.py:  470: printSegment:  
   DEBUG: 2026-04-08 09:39:28,990:      pdf_renderer.py:  470: printSegment: Report attrition by arm.
   DEBUG: 2026-04-08 09:39:28,991:      pdf_renderer.py:  470: printSegment:  Differential attrition across arms should be tested directly and
   DEBUG: 2026-04-08 09:39:28,992:      pdf_renderer.py:  470: printSegment: reported.
   DEBUG: 2026-04-08 09:39:28,993:      pdf_renderer.py:  470: printSegment:  5 
   DEBUG: 2026-04-08 09:39:28,994:      pdf_renderer.py:  470: printSegment: [
   DEBUG: 2026-04-08 09:39:28,995:      pdf_renderer.py:  470: printSegment: MAJOR
   DEBUG: 2026-04-08 09:39:28,995:      pdf_renderer.py:  470: printSegment: ]
   DEBUG: 2026-04-08 09:39:28,996:      pdf_renderer.py:  470: printSegment:  
   DEBUG: 2026-04-08 09:39:28,997:      pdf_renderer.py:  470: printSegment: Address multiple hypothesis testing.
   DEBUG: 2026-04-08 09:39:28,999:      pdf_renderer.py:  470: printSegment:  With 5+ outcomes at 2 time points, some
   DEBUG: 2026-04-08 09:39:29,000:      pdf_renderer.py:  470: printSegment: correction (Bonferroni, Westfall-Young) is necessary.
   DEBUG: 2026-04-08 09:39:29,001:      pdf_renderer.py:  470: printSegment: Part 4 -- Literature Positioning
   DEBUG: 2026-04-08 09:39:29,003:      pdf_renderer.py:  470: printSegment: The literature review is competent but formulaic. The right canonical references are cited.
   DEBUG: 2026-04-08 09:39:29,004:      pdf_renderer.py:  470: printSegment: Missing references:
   DEBUG: 2026-04-08 09:39:29,004:      pdf_renderer.py:  470: printSegment: l
   DEBUG: 2026-04-08 09:39:29,006:      pdf_renderer.py:  470: printSegment: Alfonsi et al. (2020, QJE) on vocational training vs. firm-based training in Uganda
   DEBUG: 2026-04-08 09:39:29,007:      pdf_renderer.py:  470: printSegment: l
   DEBUG: 2026-04-08 09:39:29,009:      pdf_renderer.py:  470: printSegment: Bassi and Nansamba (2022, AER) on screening and hiring in developing countries
   DEBUG: 2026-04-08 09:39:29,010:      pdf_renderer.py:  470: printSegment: l
   DEBUG: 2026-04-08 09:39:29,011:      pdf_renderer.py:  470: printSegment: Blattman and Dercon (2018, QJE) on factory employment interventions
   DEBUG: 2026-04-08 09:39:29,011:      pdf_renderer.py:  470: printSegment: l
   DEBUG: 2026-04-08 09:39:29,012:      pdf_renderer.py:  470: printSegment: McKenzie (2017, WB Research Observer) on small sample issues in RCTs
   DEBUG: 2026-04-08 09:39:29,013:      pdf_renderer.py:  470: printSegment: The paper does not adequately position itself relative to the 
   DEBUG: 2026-04-08 09:39:29,014:      pdf_renderer.py:  470: printSegment: "
   DEBUG: 2026-04-08 09:39:29,014:      pdf_renderer.py:  470: printSegment: graduation approach
   DEBUG: 2026-04-08 09:39:29,015:      pdf_renderer.py:  470: printSegment: "
   DEBUG: 2026-04-08 09:39:29,016:      pdf_renderer.py:  470: printSegment:  literature (Banerjee et al. 2015 is
   DEBUG: 2026-04-08 09:39:29,017:      pdf_renderer.py:  470: printSegment: cited but not substantively engaged).
   DEBUG: 2026-04-08 09:39:29,018:      pdf_renderer.py:  470: printSegment: Part 5 -- Journal Fit and Recommendation
   DEBUG: 2026-04-08 09:39:29,019:      pdf_renderer.py:  470: printSegment: Best realistic targets:
   DEBUG: 2026-04-08 09:39:29,028:      pdf_renderer.py:  470: printSegment:  In its current form, not ready for a top-field journal (QJE, AER, Econometrica, ReStud, JPE).
   DEBUG: 2026-04-08 09:39:29,031:      pdf_renderer.py:  470: printSegment: The anonymized context, missing compliance data, absent cost analysis, and incremental contribution are
   DEBUG: 2026-04-08 09:39:29,031:      pdf_renderer.py:  470: printSegment: collectively disqualifying.
   DEBUG: 2026-04-08 09:39:29,032:      pdf_renderer.py:  470: printSegment: Preliminary recommendation:
   DEBUG: 2026-04-08 09:39:29,033:      pdf_renderer.py:  470: printSegment:  Desk reject
   DEBUG: 2026-04-08 09:39:29,034:      pdf_renderer.py:  470: printSegment: What would it take?
   DEBUG: 2026-04-08 09:39:29,042:      pdf_renderer.py:  470: printSegment:  Reveal the context; report compliance data; provide cost-effectiveness analysis; offer a
   DEBUG: 2026-04-08 09:39:29,044:      pdf_renderer.py:  470: printSegment: structural or theoretical framework; show unexpected heterogeneity or a mechanism; ideally include longer-term
   DEBUG: 2026-04-08 09:39:29,045:      pdf_renderer.py:  470: printSegment: follow-up.
   DEBUG: 2026-04-08 09:39:29,046:      pdf_renderer.py:  470: printSegment: Best alternative outlet:
   DEBUG: 2026-04-08 09:39:29,047:      pdf_renderer.py:  470: printSegment:  Journal of Development Economics, World Bank Economic Review, or Journal of Human
   DEBUG: 2026-04-08 09:39:29,048:      pdf_renderer.py:  470: printSegment: Resources.
   DEBUG: 2026-04-08 09:39:29,049:      pdf_renderer.py:  470: printSegment: Part 6 -- Questions to the Authors
   DEBUG: 2026-04-08 09:39:29,049:      pdf_renderer.py:  470: printSegment:  1 
   DEBUG: 2026-04-08 09:39:29,055:      pdf_renderer.py:  470: printSegment: What country is this study conducted in, and what is the institutional setting? Was the voucher still
   DEBUG: 2026-04-08 09:39:29,056:      pdf_renderer.py:  470: printSegment: active at midline? If so, the headline result is mechanical.
   DEBUG: 2026-04-08 09:39:29,057:      pdf_renderer.py:  470: printSegment:  2 
   DEBUG: 2026-04-08 09:39:29,058:      pdf_renderer.py:  470: printSegment: What are the take-up and compliance rates for each treatment arm?
   DEBUG: 2026-04-08 09:39:29,059:      pdf_renderer.py:  470: printSegment:  3 
   DEBUG: 2026-04-08 09:39:29,060:      pdf_renderer.py:  470: printSegment: Does the midline salary measure include the subsidy payment itself, or only the worker
   DEBUG: 2026-04-08 09:39:29,060:      pdf_renderer.py:  470: printSegment: '
   DEBUG: 2026-04-08 09:39:29,061:      pdf_renderer.py:  470: printSegment: s take-home
   DEBUG: 2026-04-08 09:39:29,062:      pdf_renderer.py:  470: printSegment: wage net of the subsidy?
   DEBUG: 2026-04-08 09:39:29,063:      pdf_renderer.py:  470: printSegment:  4 
   DEBUG: 2026-04-08 09:39:29,069:      pdf_renderer.py:  470: printSegment: Why is there no multiple testing correction? The endline LFP result (p = 0.008) would likely not
   DEBUG: 2026-04-08 09:39:29,070:      pdf_renderer.py:  470: printSegment: survive a Westfall-Young correction across all 10 outcome-period combinations.
   DEBUG: 2026-04-08 09:39:29,071:      pdf_renderer.py:  470: printSegment:  5 
   DEBUG: 2026-04-08 09:39:29,074:      pdf_renderer.py:  470: printSegment: What is the per-capita cost of each intervention? You make repeated claims about optimal budget
   DEBUG: 2026-04-08 09:39:29,075:      pdf_renderer.py:  470: printSegment: allocation without any cost data.
   DEBUG: 2026-04-08 09:39:29,076:      pdf_renderer.py:  470: printSegment:  6 
   DEBUG: 2026-04-08 09:39:29,077:      pdf_renderer.py:  470: printSegment: How do you reconcile the strictly positive Lee bounds on endline salary (
   DEBUG: 2026-04-08 09:39:29,078:      pdf_renderer.py:  470: printSegment: [
   DEBUG: 2026-04-08 09:39:29,079:      pdf_renderer.py:  470: printSegment: +1.26, +18.94
   DEBUG: 2026-04-08 09:39:29,079:      pdf_renderer.py:  470: printSegment: ]
   DEBUG: 2026-04-08 09:39:29,081:      pdf_renderer.py:  470: printSegment: ) with the
   DEBUG: 2026-04-08 09:39:29,082:      pdf_renderer.py:  470: printSegment: insignificant OLS point estimate (6.954, p=0.273)?
   DEBUG: 2026-04-08 09:39:29,083:      pdf_renderer.py:  470: printSegment:  7 
   DEBUG: 2026-04-08 09:39:29,084:      pdf_renderer.py:  470: printSegment: Was this trial pre-registered, and if so, what were the pre-specified primary outcomes?
   DEBUG: 2026-04-08 09:39:29,085:      pdf_renderer.py:  470: printSegment: 2. Unsupported Claims 
   DEBUG: 2026-04-08 09:39:29,086:      pdf_renderer.py:  470: printSegment: &
   DEBUG: 2026-04-08 09:39:29,087:      pdf_renderer.py:  470: printSegment:  Identification Integrity
   DEBUG: 2026-04-08 09:39:29,088:      pdf_renderer.py:  470: printSegment: Causal Overclaiming (must address)
   DEBUG: 2026-04-08 09:39:29,089:      pdf_renderer.py:  470: printSegment:  1 
   DEBUG: 2026-04-08 09:39:29,089:      pdf_renderer.py:  470: printSegment: [
   DEBUG: 2026-04-08 09:39:29,090:      pdf_renderer.py:  470: printSegment: CRITICAL
   DEBUG: 2026-04-08 09:39:29,091:      pdf_renderer.py:  470: printSegment: ]
   DEBUG: 2026-04-08 09:39:29,091:      pdf_renderer.py:  470: printSegment:  Abstract: 
   DEBUG: 2026-04-08 09:39:29,101:      pdf_renderer.py:  470: printSegment: "
   DEBUG: 2026-04-08 09:39:29,110:      pdf_renderer.py:  470: printSegment: These results suggest that demand-side wage subsidies generate large
   DEBUG: 2026-04-08 09:39:29,112:      pdf_renderer.py:  470: printSegment: short-run employment effects that substantially fade over time, while supply-side training alone is
   DEBUG: 2026-04-08 09:39:29,113:      pdf_renderer.py:  470: printSegment: ineffective.
   DEBUG: 2026-04-08 09:39:29,114:      pdf_renderer.py:  470: printSegment: "
   DEBUG: 2026-04-08 09:39:29,115:      pdf_renderer.py:  470: printSegment:  -- 
   DEBUG: 2026-04-08 09:39:29,116:      pdf_renderer.py:  470: printSegment: "
   DEBUG: 2026-04-08 09:39:29,116:      pdf_renderer.py:  470: printSegment: Ineffective
   DEBUG: 2026-04-08 09:39:29,117:      pdf_renderer.py:  470: printSegment: "
   DEBUG: 2026-04-08 09:39:29,123:      pdf_renderer.py:  470: printSegment:  is a causal claim about the general class of supply-side training
   DEBUG: 2026-04-08 09:39:29,124:      pdf_renderer.py:  470: printSegment: programs, but the paper only tests one specific training program. Fix: 
   DEBUG: 2026-04-08 09:39:29,125:      pdf_renderer.py:  470: printSegment: "
   DEBUG: 2026-04-08 09:39:29,126:      pdf_renderer.py:  470: printSegment: produced no detectable
   DEBUG: 2026-04-08 09:39:29,127:      pdf_renderer.py:  470: printSegment: effects in this setting.
   DEBUG: 2026-04-08 09:39:29,128:      pdf_renderer.py:  470: printSegment: "
   DEBUG: 2026-04-08 09:39:29,129:      pdf_renderer.py:  470: printSegment:  2 
   DEBUG: 2026-04-08 09:39:29,130:      pdf_renderer.py:  470: printSegment: [
   DEBUG: 2026-04-08 09:39:29,130:      pdf_renderer.py:  470: printSegment: CRITICAL
   DEBUG: 2026-04-08 09:39:29,131:      pdf_renderer.py:  470: printSegment: ]
   DEBUG: 2026-04-08 09:39:29,132:      pdf_renderer.py:  470: printSegment:  Section 7.1: 
   DEBUG: 2026-04-08 09:39:29,133:      pdf_renderer.py:  470: printSegment: "
   DEBUG: 2026-04-08 09:39:29,137:      pdf_renderer.py:  470: printSegment: These effects almost certainly reflect the mechanical channel: the
   DEBUG: 2026-04-08 09:39:29,139:      pdf_renderer.py:  470: printSegment: voucher subsidizes employment, and firms respond by hiring participants.
   DEBUG: 2026-04-08 09:39:29,140:      pdf_renderer.py:  470: printSegment: "
   DEBUG: 2026-04-08 09:39:29,145:      pdf_renderer.py:  470: printSegment:  -- Treats a mechanism as
   DEBUG: 2026-04-08 09:39:29,148:      pdf_renderer.py:  470: printSegment: established fact without firm-level data, take-up data, or direct evidence on firm decision-making.
   DEBUG: 2026-04-08 09:39:29,149:      pdf_renderer.py:  470: printSegment: Fix: 
   DEBUG: 2026-04-08 09:39:29,150:      pdf_renderer.py:  470: printSegment: "
   DEBUG: 2026-04-08 09:39:29,151:      pdf_renderer.py:  470: printSegment: are consistent with the mechanical channel.
   DEBUG: 2026-04-08 09:39:29,151:      pdf_renderer.py:  470: printSegment: "
   DEBUG: 2026-04-08 09:39:29,152:      pdf_renderer.py:  470: printSegment:  3 
   DEBUG: 2026-04-08 09:39:29,153:      pdf_renderer.py:  470: printSegment: [
   DEBUG: 2026-04-08 09:39:29,154:      pdf_renderer.py:  470: printSegment: CRITICAL
   DEBUG: 2026-04-08 09:39:29,155:      pdf_renderer.py:  470: printSegment: ]
   DEBUG: 2026-04-08 09:39:29,156:      pdf_renderer.py:  470: printSegment:  Section 7.1: 
   DEBUG: 2026-04-08 09:39:29,157:      pdf_renderer.py:  470: printSegment: "
   DEBUG: 2026-04-08 09:39:29,171:      pdf_renderer.py:  470: printSegment: Individuals who received vouchers are more likely to remain in the labor
   DEBUG: 2026-04-08 09:39:29,178:      pdf_renderer.py:  470: printSegment: force even after the subsidized match dissolves, suggesting that the work experience may have
   DEBUG: 2026-04-08 09:39:29,179:      pdf_renderer.py:  470: printSegment: shifted their reservation utility, search intensity, or labor market attachment.
   DEBUG: 2026-04-08 09:39:29,180:      pdf_renderer.py:  470: printSegment: "
   DEBUG: 2026-04-08 09:39:29,185:      pdf_renderer.py:  470: printSegment:  -- Proposes three
   DEBUG: 2026-04-08 09:39:29,187:      pdf_renderer.py:  470: printSegment: specific behavioral mechanisms without any data on any of them. Should be explicitly labeled as
   DEBUG: 2026-04-08 09:39:29,188:      pdf_renderer.py:  470: printSegment: speculative.
   DEBUG: 2026-04-08 09:39:29,189:      pdf_renderer.py:  470: printSegment:  4 
   DEBUG: 2026-04-08 09:39:29,190:      pdf_renderer.py:  470: printSegment: [
   DEBUG: 2026-04-08 09:39:29,190:      pdf_renderer.py:  470: printSegment: CRITICAL
   DEBUG: 2026-04-08 09:39:29,191:      pdf_renderer.py:  470: printSegment: ]
   DEBUG: 2026-04-08 09:39:29,191:      pdf_renderer.py:  470: printSegment:  Section 7.1: 
   DEBUG: 2026-04-08 09:39:29,192:      pdf_renderer.py:  470: printSegment: "
   DEBUG: 2026-04-08 09:39:29,194:      pdf_renderer.py:  470: printSegment: Together, these findings suggest that vouchers generate lasting changes
   DEBUG: 2026-04-08 09:39:29,195:      pdf_renderer.py:  470: printSegment: in labor market engagement.
   DEBUG: 2026-04-08 09:39:29,195:      pdf_renderer.py:  470: printSegment: "
   DEBUG: 2026-04-08 09:39:29,196:      pdf_renderer.py:  470: printSegment:  -- 
   DEBUG: 2026-04-08 09:39:29,197:      pdf_renderer.py:  470: printSegment: "
   DEBUG: 2026-04-08 09:39:29,197:      pdf_renderer.py:  470: printSegment: Lasting
   DEBUG: 2026-04-08 09:39:29,198:      pdf_renderer.py:  470: printSegment: "
   DEBUG: 2026-04-08 09:39:29,201:      pdf_renderer.py:  470: printSegment:  is doing heavy work with only two time points and a
   DEBUG: 2026-04-08 09:39:29,202:      pdf_renderer.py:  470: printSegment: faded employment effect. Should acknowledge limited time horizon.
   DEBUG: 2026-04-08 09:39:29,202:      pdf_renderer.py:  470: printSegment:  5 
   DEBUG: 2026-04-08 09:39:29,203:      pdf_renderer.py:  470: printSegment: [
   DEBUG: 2026-04-08 09:39:29,203:      pdf_renderer.py:  470: printSegment: MAJOR
   DEBUG: 2026-04-08 09:39:29,204:      pdf_renderer.py:  470: printSegment: ]
   DEBUG: 2026-04-08 09:39:29,204:      pdf_renderer.py:  470: printSegment:  Section 7.2: 
   DEBUG: 2026-04-08 09:39:29,205:      pdf_renderer.py:  470: printSegment: "
   DEBUG: 2026-04-08 09:39:29,206:      pdf_renderer.py:  470: printSegment: when the demand-side constraint is relaxed, employment responds
   DEBUG: 2026-04-08 09:39:29,206:      pdf_renderer.py:  470: printSegment: dramatically
   DEBUG: 2026-04-08 09:39:29,207:      pdf_renderer.py:  470: printSegment: "
   DEBUG: 2026-04-08 09:39:29,208:      pdf_renderer.py:  470: printSegment:  -- Conflates the mechanical subsidy effect with a structural claim about binding
   DEBUG: 2026-04-08 09:39:29,209:      pdf_renderer.py:  470: printSegment: constraints.
   DEBUG: 2026-04-08 09:39:29,209:      pdf_renderer.py:  470: printSegment:  6 
   DEBUG: 2026-04-08 09:39:29,210:      pdf_renderer.py:  470: printSegment: [
   DEBUG: 2026-04-08 09:39:29,210:      pdf_renderer.py:  470: printSegment: MAJOR
   DEBUG: 2026-04-08 09:39:29,211:      pdf_renderer.py:  470: printSegment: ]
   DEBUG: 2026-04-08 09:39:29,211:      pdf_renderer.py:  470: printSegment:  Conclusion: 
   DEBUG: 2026-04-08 09:39:29,212:      pdf_renderer.py:  470: printSegment: "
   DEBUG: 2026-04-08 09:39:29,213:      pdf_renderer.py:  470: printSegment: wage subsidies are powerful short-run instruments for increasing youth
   DEBUG: 2026-04-08 09:39:29,214:      pdf_renderer.py:  470: printSegment: employment
   DEBUG: 2026-04-08 09:39:29,214:      pdf_renderer.py:  470: printSegment: "
   DEBUG: 2026-04-08 09:39:29,215:      pdf_renderer.py:  470: printSegment:  -- Generalizes from one voucher in one context to 
   DEBUG: 2026-04-08 09:39:29,216:      pdf_renderer.py:  470: printSegment: "
   DEBUG: 2026-04-08 09:39:29,216:      pdf_renderer.py:  470: printSegment: wage subsidies
   DEBUG: 2026-04-08 09:39:29,217:      pdf_renderer.py:  470: printSegment: "
   DEBUG: 2026-04-08 09:39:29,217:      pdf_renderer.py:  470: printSegment:  as a class.
   DEBUG: 2026-04-08 09:39:29,218:      pdf_renderer.py:  470: printSegment:  7 
   DEBUG: 2026-04-08 09:39:29,218:      pdf_renderer.py:  470: printSegment: [
   DEBUG: 2026-04-08 09:39:29,219:      pdf_renderer.py:  470: printSegment: MAJOR
   DEBUG: 2026-04-08 09:39:29,219:      pdf_renderer.py:  470: printSegment: ]
   DEBUG: 2026-04-08 09:39:29,220:      pdf_renderer.py:  470: printSegment:  Conclusion: 
   DEBUG: 2026-04-08 09:39:29,220:      pdf_renderer.py:  470: printSegment: "
   DEBUG: 2026-04-08 09:39:29,222:      pdf_renderer.py:  470: printSegment: the marginal dollar is better spent expanding voucher coverage than adding
   DEBUG: 2026-04-08 09:39:29,223:      pdf_renderer.py:  470: printSegment: a training component
   DEBUG: 2026-04-08 09:39:29,224:      pdf_renderer.py:  470: printSegment: "
   DEBUG: 2026-04-08 09:39:29,224:      pdf_renderer.py:  470: printSegment:  -- Requires cost data the paper explicitly acknowledges it lacks.
   DEBUG: 2026-04-08 09:39:29,225:      pdf_renderer.py:  470: printSegment:  8 
   DEBUG: 2026-04-08 09:39:29,226:      pdf_renderer.py:  470: printSegment: [
   DEBUG: 2026-04-08 09:39:29,226:      pdf_renderer.py:  470: printSegment: MAJOR
   DEBUG: 2026-04-08 09:39:29,227:      pdf_renderer.py:  470: printSegment: ]
   DEBUG: 2026-04-08 09:39:29,230:      pdf_renderer.py:  470: printSegment:  Section 5.1.3: The persistence narrative rests on a single significant LFP coefficient. The
   DEBUG: 2026-04-08 09:39:29,231:      pdf_renderer.py:  470: printSegment: LFP effect could reflect measurement artifact.
   DEBUG: 2026-04-08 09:39:29,232:      pdf_renderer.py:  470: printSegment: Generalization Issues
   DEBUG: 2026-04-08 09:39:29,233:      pdf_renderer.py:  470: printSegment:  9 
   DEBUG: 2026-04-08 09:39:29,233:      pdf_renderer.py:  470: printSegment: [
   DEBUG: 2026-04-08 09:39:29,234:      pdf_renderer.py:  470: printSegment: MAJOR
   DEBUG: 2026-04-08 09:39:29,234:      pdf_renderer.py:  470: printSegment: ]
   DEBUG: 2026-04-08 09:39:29,235:      pdf_renderer.py:  470: printSegment:  Introduction: 
   DEBUG: 2026-04-08 09:39:29,236:      pdf_renderer.py:  470: printSegment: "
   DEBUG: 2026-04-08 09:39:29,237:      pdf_renderer.py:  470: printSegment: almost no study has experimentally varied both simultaneously to test for
   DEBUG: 2026-04-08 09:39:29,238:      pdf_renderer.py:  470: printSegment: interaction effects
   DEBUG: 2026-04-08 09:39:29,239:      pdf_renderer.py:  470: printSegment: "
   DEBUG: 2026-04-08 09:39:29,240:      pdf_renderer.py:  470: printSegment:  -- Unverified priority assertion. The claim is vague enough to be unfalsifiable.
   DEBUG: 2026-04-08 09:39:29,241:      pdf_renderer.py:  470: printSegment:  10 
   DEBUG: 2026-04-08 09:39:29,241:      pdf_renderer.py:  470: printSegment: [
   DEBUG: 2026-04-08 09:39:29,242:      pdf_renderer.py:  470: printSegment: MAJOR
   DEBUG: 2026-04-08 09:39:29,243:      pdf_renderer.py:  470: printSegment: ]
   DEBUG: 2026-04-08 09:39:29,243:      pdf_renderer.py:  470: printSegment:  Section 2.2: Generalizes from one program to 
   DEBUG: 2026-04-08 09:39:29,244:      pdf_renderer.py:  470: printSegment: "
   DEBUG: 2026-04-08 09:39:29,245:      pdf_renderer.py:  470: printSegment: the class of short-to-medium-duration
   DEBUG: 2026-04-08 09:39:29,246:      pdf_renderer.py:  470: printSegment: vocational training programs.
   DEBUG: 2026-04-08 09:39:29,247:      pdf_renderer.py:  470: printSegment: "
   DEBUG: 2026-04-08 09:39:29,247:      pdf_renderer.py:  470: printSegment:  11 
   DEBUG: 2026-04-08 09:39:29,248:      pdf_renderer.py:  470: printSegment: [
   DEBUG: 2026-04-08 09:39:29,248:      pdf_renderer.py:  470: printSegment: MAJOR
   DEBUG: 2026-04-08 09:39:29,249:      pdf_renderer.py:  470: printSegment: ]
   DEBUG: 2026-04-08 09:39:29,250:      pdf_renderer.py:  470: printSegment:  Section 7.3: 
   DEBUG: 2026-04-08 09:39:29,250:      pdf_renderer.py:  470: printSegment: "
   DEBUG: 2026-04-08 09:39:29,253:      pdf_renderer.py:  470: printSegment: the optimal policy for a budget-constrained government is to allocate the
   DEBUG: 2026-04-08 09:39:29,254:      pdf_renderer.py:  470: printSegment: entire budget to vouchers
   DEBUG: 2026-04-08 09:39:29,254:      pdf_renderer.py:  470: printSegment: "
   DEBUG: 2026-04-08 09:39:29,256:      pdf_renderer.py:  470: printSegment:  -- Requires cost data, general equilibrium knowledge, and context
   DEBUG: 2026-04-08 09:39:29,256:      pdf_renderer.py:  470: printSegment: representativeness.
   DEBUG: 2026-04-08 09:39:29,257:      pdf_renderer.py:  470: printSegment:  12 
   DEBUG: 2026-04-08 09:39:29,258:      pdf_renderer.py:  470: printSegment: [
   DEBUG: 2026-04-08 09:39:29,258:      pdf_renderer.py:  470: printSegment: MINOR
   DEBUG: 2026-04-08 09:39:29,259:      pdf_renderer.py:  470: printSegment: ]
   DEBUG: 2026-04-08 09:39:29,260:      pdf_renderer.py:  470: printSegment:  Section 2.1: 
   DEBUG: 2026-04-08 09:39:29,260:      pdf_renderer.py:  470: printSegment: "
   DEBUG: 2026-04-08 09:39:29,262:      pdf_renderer.py:  470: printSegment: our midline voucher effect of 39.9 percentage points is among the largest in
   DEBUG: 2026-04-08 09:39:29,263:      pdf_renderer.py:  470: printSegment: the literature
   DEBUG: 2026-04-08 09:39:29,264:      pdf_renderer.py:  470: printSegment: "
   DEBUG: 2026-04-08 09:39:29,265:      pdf_renderer.py:  470: printSegment:  -- Informal meta-analytic claim, unverified.
   DEBUG: 2026-04-08 09:39:29,266:      pdf_renderer.py:  470: printSegment: Missing Caveats
   DEBUG: 2026-04-08 09:39:29,267:      pdf_renderer.py:  470: printSegment:  13 
   DEBUG: 2026-04-08 09:39:29,268:      pdf_renderer.py:  470: printSegment: [
   DEBUG: 2026-04-08 09:39:29,269:      pdf_renderer.py:  470: printSegment: CRITICAL
   DEBUG: 2026-04-08 09:39:29,269:      pdf_renderer.py:  470: printSegment: ]
   DEBUG: 2026-04-08 09:39:29,270:      pdf_renderer.py:  470: printSegment:  
   DEBUG: 2026-04-08 09:39:29,271:      pdf_renderer.py:  470: printSegment: No discussion of general equilibrium / displacement effects.
   DEBUG: 2026-04-08 09:39:29,280:      pdf_renderer.py:  470: printSegment:  The paper never
   DEBUG: 2026-04-08 09:39:29,285:      pdf_renderer.py:  470: printSegment: addresses whether voucher-induced employment displaced other workers. Crepon et al. (2013) is
   DEBUG: 2026-04-08 09:39:29,286:      pdf_renderer.py:  470: printSegment: cited for training displacement but never for voucher displacement.
   DEBUG: 2026-04-08 09:39:29,287:      pdf_renderer.py:  470: printSegment:  14 
   DEBUG: 2026-04-08 09:39:29,288:      pdf_renderer.py:  470: printSegment: [
   DEBUG: 2026-04-08 09:39:29,289:      pdf_renderer.py:  470: printSegment: CRITICAL
   DEBUG: 2026-04-08 09:39:29,289:      pdf_renderer.py:  470: printSegment: ]
   DEBUG: 2026-04-08 09:39:29,290:      pdf_renderer.py:  470: printSegment:  
   DEBUG: 2026-04-08 09:39:29,291:      pdf_renderer.py:  470: printSegment: No discussion of compliance / take-up rates.
   DEBUG: 2026-04-08 09:39:29,295:      pdf_renderer.py:  470: printSegment:  Without this, the null training result
   DEBUG: 2026-04-08 09:39:29,296:      pdf_renderer.py:  470: printSegment: could reflect low attendance rather than an ineffective program.
   DEBUG: 2026-04-08 09:39:29,297:      pdf_renderer.py:  470: printSegment:  15 
   DEBUG: 2026-04-08 09:39:29,297:      pdf_renderer.py:  470: printSegment: [
   DEBUG: 2026-04-08 09:39:29,298:      pdf_renderer.py:  470: printSegment: MAJOR
   DEBUG: 2026-04-08 09:39:29,299:      pdf_renderer.py:  470: printSegment: ]
   DEBUG: 2026-04-08 09:39:29,300:      pdf_renderer.py:  470: printSegment:  
   DEBUG: 2026-04-08 09:39:29,301:      pdf_renderer.py:  470: printSegment: No discussion of multiple hypothesis testing.
   DEBUG: 2026-04-08 09:39:29,303:      pdf_renderer.py:  470: printSegment:  The endline LFP result (p = 0.008), which
   DEBUG: 2026-04-08 09:39:29,304:      pdf_renderer.py:  470: printSegment: anchors the 
   DEBUG: 2026-04-08 09:39:29,305:      pdf_renderer.py:  470: printSegment: "
   DEBUG: 2026-04-08 09:39:29,305:      pdf_renderer.py:  470: printSegment: persistence
   DEBUG: 2026-04-08 09:39:29,306:      pdf_renderer.py:  470: printSegment: "
   DEBUG: 2026-04-08 09:39:29,307:      pdf_renderer.py:  470: printSegment:  narrative, would need to survive multiple testing correction.
   DEBUG: 2026-04-08 09:39:29,308:      pdf_renderer.py:  470: printSegment:  16 
   DEBUG: 2026-04-08 09:39:29,309:      pdf_renderer.py:  470: printSegment: [
   DEBUG: 2026-04-08 09:39:29,310:      pdf_renderer.py:  470: printSegment: MAJOR
   DEBUG: 2026-04-08 09:39:29,310:      pdf_renderer.py:  470: printSegment: ]
   DEBUG: 2026-04-08 09:39:29,311:      pdf_renderer.py:  470: printSegment:  
   DEBUG: 2026-04-08 09:39:29,312:      pdf_renderer.py:  470: printSegment: Lee bounds computed only for salary.
   DEBUG: 2026-04-08 09:39:29,314:      pdf_renderer.py:  470: printSegment:  Differential attrition could bias employment and
   DEBUG: 2026-04-08 09:39:29,315:      pdf_renderer.py:  470: printSegment: LFP estimates too.
   DEBUG: 2026-04-08 09:39:29,316:      pdf_renderer.py:  470: printSegment:  17 
   DEBUG: 2026-04-08 09:39:29,317:      pdf_renderer.py:  470: printSegment: [
   DEBUG: 2026-04-08 09:39:29,317:      pdf_renderer.py:  470: printSegment: MAJOR
   DEBUG: 2026-04-08 09:39:29,318:      pdf_renderer.py:  470: printSegment: ]
   DEBUG: 2026-04-08 09:39:29,319:      pdf_renderer.py:  470: printSegment:  
   DEBUG: 2026-04-08 09:39:29,320:      pdf_renderer.py:  470: printSegment: No pre-analysis plan mentioned.
   DEBUG: 2026-04-08 09:39:29,321:      pdf_renderer.py:  470: printSegment:  18 
   DEBUG: 2026-04-08 09:39:29,322:      pdf_renderer.py:  470: printSegment: [
   DEBUG: 2026-04-08 09:39:29,322:      pdf_renderer.py:  470: printSegment: MAJOR
   DEBUG: 2026-04-08 09:39:29,323:      pdf_renderer.py:  470: printSegment: ]
   DEBUG: 2026-04-08 09:39:29,324:      pdf_renderer.py:  470: printSegment:  
   DEBUG: 2026-04-08 09:39:29,325:      pdf_renderer.py:  470: printSegment: Anonymized context prevents replication assessment.
   DEBUG: 2026-04-08 09:39:29,326:      pdf_renderer.py:  470: printSegment:  19 
   DEBUG: 2026-04-08 09:39:29,327:      pdf_renderer.py:  470: printSegment: [
   DEBUG: 2026-04-08 09:39:29,327:      pdf_renderer.py:  470: printSegment: MINOR
   DEBUG: 2026-04-08 09:39:29,328:      pdf_renderer.py:  470: printSegment: ]
   DEBUG: 2026-04-08 09:39:29,329:      pdf_renderer.py:  470: printSegment:  
   DEBUG: 2026-04-08 09:39:29,330:      pdf_renderer.py:  470: printSegment: No power calculations reported.
   DEBUG: 2026-04-08 09:39:29,332:      pdf_renderer.py:  470: printSegment:  The null training and interaction results could reflect
   DEBUG: 2026-04-08 09:39:29,333:      pdf_renderer.py:  470: printSegment: insufficient power.
   DEBUG: 2026-04-08 09:39:29,333:      pdf_renderer.py:  470: printSegment:  20 
   DEBUG: 2026-04-08 09:39:29,334:      pdf_renderer.py:  470: printSegment: [
   DEBUG: 2026-04-08 09:39:29,335:      pdf_renderer.py:  470: printSegment: MINOR
   DEBUG: 2026-04-08 09:39:29,336:      pdf_renderer.py:  470: printSegment: ]
   DEBUG: 2026-04-08 09:39:29,337:      pdf_renderer.py:  470: printSegment:  
   DEBUG: 2026-04-08 09:39:29,338:      pdf_renderer.py:  470: printSegment: Hawthorne effects not discussed.
   DEBUG: 2026-04-08 09:39:29,339:      pdf_renderer.py:  470: printSegment: Minor Language Issues
   DEBUG: 2026-04-08 09:39:29,340:      pdf_renderer.py:  470: printSegment:  21 
   DEBUG: 2026-04-08 09:39:29,340:      pdf_renderer.py:  470: printSegment: [
   DEBUG: 2026-04-08 09:39:29,341:      pdf_renderer.py:  470: printSegment: MINOR
   DEBUG: 2026-04-08 09:39:29,342:      pdf_renderer.py:  470: printSegment: ]
   DEBUG: 2026-04-08 09:39:29,343:      pdf_renderer.py:  470: printSegment:  Describing the coefficient change as a 
   DEBUG: 2026-04-08 09:39:29,344:      pdf_renderer.py:  470: printSegment: "
   DEBUG: 2026-04-08 09:39:29,345:      pdf_renderer.py:  470: printSegment: 92% decline
   DEBUG: 2026-04-08 09:39:29,346:      pdf_renderer.py:  470: printSegment: "
   DEBUG: 2026-04-08 09:39:29,348:      pdf_renderer.py:  470: printSegment:  treats the midline estimate as a
   DEBUG: 2026-04-08 09:39:29,349:      pdf_renderer.py:  470: printSegment: precise baseline, ignoring confidence intervals.
   DEBUG: 2026-04-08 09:39:29,350:      pdf_renderer.py:  470: printSegment:  22 
   DEBUG: 2026-04-08 09:39:29,351:      pdf_renderer.py:  470: printSegment: [
   DEBUG: 2026-04-08 09:39:29,352:      pdf_renderer.py:  470: printSegment: MINOR
   DEBUG: 2026-04-08 09:39:29,353:      pdf_renderer.py:  470: printSegment: ]
   DEBUG: 2026-04-08 09:39:29,355:      pdf_renderer.py:  470: printSegment:  A null interaction term is absence of evidence, not evidence of absence. The CI (
   DEBUG: 2026-04-08 09:39:29,355:      pdf_renderer.py:  470: printSegment: [
   DEBUG: 2026-04-08 09:39:29,356:      pdf_renderer.py:  470: printSegment: -0.117,
   DEBUG: 2026-04-08 09:39:29,357:      pdf_renderer.py:  470: printSegment: +0.087
   DEBUG: 2026-04-08 09:39:29,358:      pdf_renderer.py:  470: printSegment: ]
   DEBUG: 2026-04-08 09:39:29,359:      pdf_renderer.py:  470: printSegment: ) includes economically meaningful values.
   DEBUG: 2026-04-08 09:39:29,360:      pdf_renderer.py:  470: printSegment:  23 
   DEBUG: 2026-04-08 09:39:29,361:      pdf_renderer.py:  470: printSegment: [
   DEBUG: 2026-04-08 09:39:29,362:      pdf_renderer.py:  470: printSegment: MINOR
   DEBUG: 2026-04-08 09:39:29,363:      pdf_renderer.py:  470: printSegment: ]
   DEBUG: 2026-04-08 09:39:29,364:      pdf_renderer.py:  470: printSegment:  Midline salary Lee bounds span zero, creating tension with the 
   DEBUG: 2026-04-08 09:39:29,365:      pdf_renderer.py:  470: printSegment: "
   DEBUG: 2026-04-08 09:39:29,366:      pdf_renderer.py:  470: printSegment: mirroring
   DEBUG: 2026-04-08 09:39:29,367:      pdf_renderer.py:  470: printSegment: "
   DEBUG: 2026-04-08 09:39:29,369:      pdf_renderer.py:  470: printSegment:  claim.
   DEBUG: 2026-04-08 09:39:29,370:      pdf_renderer.py:  470: printSegment:  24 
   DEBUG: 2026-04-08 09:39:29,370:      pdf_renderer.py:  470: printSegment: [
   DEBUG: 2026-04-08 09:39:29,371:      pdf_renderer.py:  470: printSegment: MINOR
   DEBUG: 2026-04-08 09:39:29,372:      pdf_renderer.py:  470: printSegment: ]
   DEBUG: 2026-04-08 09:39:29,373:      pdf_renderer.py:  470: printSegment:  Section 7.4: Causal language (
   DEBUG: 2026-04-08 09:39:29,374:      pdf_renderer.py:  470: printSegment: "
   DEBUG: 2026-04-08 09:39:29,375:      pdf_renderer.py:  470: printSegment: vouchers successfully placed workers in jobs
   DEBUG: 2026-04-08 09:39:29,376:      pdf_renderer.py:  470: printSegment: "
   DEBUG: 2026-04-08 09:39:29,377:      pdf_renderer.py:  470: printSegment: ) applied to
   DEBUG: 2026-04-08 09:39:29,378:      pdf_renderer.py:  470: printSegment: ITT estimates.
   DEBUG: 2026-04-08 09:39:29,379:      pdf_renderer.py:  470: printSegment:  25 
   DEBUG: 2026-04-08 09:39:29,380:      pdf_renderer.py:  470: printSegment: [
   DEBUG: 2026-04-08 09:39:29,381:      pdf_renderer.py:  470: printSegment: MINOR
   DEBUG: 2026-04-08 09:39:29,381:      pdf_renderer.py:  470: printSegment: ]
   DEBUG: 2026-04-08 09:39:29,387:      pdf_renderer.py:  470: printSegment:  The endline LFP effect of 10.1 pp is described as policy-relevant without discussing
   DEBUG: 2026-04-08 09:39:29,388:      pdf_renderer.py:  470: printSegment: whether increased LFP without increased employment has meaningful welfare implications.
   DEBUG: 2026-04-08 09:39:29,389:      pdf_renderer.py:  470: printSegment: 3. Internal Consistency 
   DEBUG: 2026-04-08 09:39:29,390:      pdf_renderer.py:  470: printSegment: &
   DEBUG: 2026-04-08 09:39:29,391:      pdf_renderer.py:  470: printSegment:  Cross-Reference Verification
   DEBUG: 2026-04-08 09:39:29,392:      pdf_renderer.py:  470: printSegment: Critical Inconsistencies
   DEBUG: 2026-04-08 09:39:29,392:      pdf_renderer.py:  470: printSegment:  1 
   DEBUG: 2026-04-08 09:39:29,393:      pdf_renderer.py:  470: printSegment: [
   DEBUG: 2026-04-08 09:39:29,393:      pdf_renderer.py:  470: printSegment: CRITICAL
   DEBUG: 2026-04-08 09:39:29,394:      pdf_renderer.py:  470: printSegment: ]
   DEBUG: 2026-04-08 09:39:29,394:      pdf_renderer.py:  470: printSegment:  
   DEBUG: 2026-04-08 09:39:29,395:      pdf_renderer.py:  470: printSegment: Permutation coefficient: 0.386 vs. 0.396.
   DEBUG: 2026-04-08 09:39:29,396:      pdf_renderer.py:  470: printSegment:  Figure 4 caption states the observed
   DEBUG: 2026-04-08 09:39:29,397:      pdf_renderer.py:  470: printSegment: estimate is 
   DEBUG: 2026-04-08 09:39:29,397:      pdf_renderer.py:  470: printSegment: "
   DEBUG: 2026-04-08 09:39:29,398:      pdf_renderer.py:  470: printSegment: 0.386 (no-controls specification).
   DEBUG: 2026-04-08 09:39:29,399:      pdf_renderer.py:  470: printSegment: "
   DEBUG: 2026-04-08 09:39:29,401:      pdf_renderer.py:  470: printSegment:  The sensitivity analysis reports no-controls as 0.396.
   DEBUG: 2026-04-08 09:39:29,402:      pdf_renderer.py:  470: printSegment: The robustness table file (table4
   DEBUG: 2026-04-08 09:39:29,402:      pdf_renderer.py:  470: printSegment: _
   DEBUG: 2026-04-08 09:39:29,422:      pdf_renderer.py:  470: printSegment: robustness.tex) confirms the permutation value is 0.386 -- so this is
   DEBUG: 2026-04-08 09:39:29,431:      pdf_renderer.py:  470: printSegment: genuinely a different estimate, not a typo. The paper must explain why the permutation test uses a
   DEBUG: 2026-04-08 09:39:29,434:      pdf_renderer.py:  470: printSegment: coefficient (0.386) that differs from both the with-controls (0.399) and no-controls (0.396)
   DEBUG: 2026-04-08 09:39:29,434:      pdf_renderer.py:  470: printSegment: specifications reported elsewhere.
   DEBUG: 2026-04-08 09:39:29,435:      pdf_renderer.py:  470: printSegment:  2 
   DEBUG: 2026-04-08 09:39:29,435:      pdf_renderer.py:  470: printSegment: [
   DEBUG: 2026-04-08 09:39:29,436:      pdf_renderer.py:  470: printSegment: CRITICAL
   DEBUG: 2026-04-08 09:39:29,437:      pdf_renderer.py:  470: printSegment: ]
   DEBUG: 2026-04-08 09:39:29,437:      pdf_renderer.py:  470: printSegment:  
   DEBUG: 2026-04-08 09:39:29,438:      pdf_renderer.py:  470: printSegment: Endline voucher employment: 0.030 vs. 0.034.
   DEBUG: 2026-04-08 09:39:29,452:      pdf_renderer.py:  470: printSegment:  Table 3 and body text report 0.030
   DEBUG: 2026-04-08 09:39:29,460:      pdf_renderer.py:  470: printSegment: (with controls). The fade-out discussion, introduction, and Figure 3 caption cite 0.034. The
   DEBUG: 2026-04-08 09:39:29,463:      pdf_renderer.py:  470: printSegment: robustness table confirms end=+0.0342 (no-controls). The paper silently switches between
   DEBUG: 2026-04-08 09:39:29,464:      pdf_renderer.py:  470: printSegment: specifications without flagging this.
   DEBUG: 2026-04-08 09:39:29,464:      pdf_renderer.py:  470: printSegment:  3 
   DEBUG: 2026-04-08 09:39:29,465:      pdf_renderer.py:  470: printSegment: [
   DEBUG: 2026-04-08 09:39:29,466:      pdf_renderer.py:  470: printSegment: CRITICAL
   DEBUG: 2026-04-08 09:39:29,466:      pdf_renderer.py:  470: printSegment: ]
   DEBUG: 2026-04-08 09:39:29,467:      pdf_renderer.py:  470: printSegment:  
   DEBUG: 2026-04-08 09:39:29,468:      pdf_renderer.py:  470: printSegment: Endline LFP voucher coefficient: 0.101 vs. 0.098.
   DEBUG: 2026-04-08 09:39:29,474:      pdf_renderer.py:  470: printSegment:  Table 3 and Section 5.2.3 report
   DEBUG: 2026-04-08 09:39:29,477:      pdf_renderer.py:  470: printSegment: 0.101. The fade-out test cites +0.098. The robustness table confirms end=+0.0980 (no-controls).
   DEBUG: 2026-04-08 09:39:29,478:      pdf_renderer.py:  470: printSegment: Again, switching specifications without explanation.
   DEBUG: 2026-04-08 09:39:29,479:      pdf_renderer.py:  470: printSegment:  4 
   DEBUG: 2026-04-08 09:39:29,479:      pdf_renderer.py:  470: printSegment: [
   DEBUG: 2026-04-08 09:39:29,480:      pdf_renderer.py:  470: printSegment: CRITICAL
   DEBUG: 2026-04-08 09:39:29,480:      pdf_renderer.py:  470: printSegment: ]
   DEBUG: 2026-04-08 09:39:29,481:      pdf_renderer.py:  470: printSegment:  
   DEBUG: 2026-04-08 09:39:29,482:      pdf_renderer.py:  470: printSegment: Midline salary voucher coefficient: 65.342 vs. 64.796.
   DEBUG: 2026-04-08 09:39:29,486:      pdf_renderer.py:  470: printSegment:  Table 3 reports 65.342.
   DEBUG: 2026-04-08 09:39:29,488:      pdf_renderer.py:  470: printSegment: Fade-out and Figure 3 cite 64.796. Robustness table confirms mid=+64.7960. Same issue: different
   DEBUG: 2026-04-08 09:39:29,489:      pdf_renderer.py:  470: printSegment: specifications conflated.
   DEBUG: 2026-04-08 09:39:29,490:      pdf_renderer.py:  470: printSegment:  5 
   DEBUG: 2026-04-08 09:39:29,490:      pdf_renderer.py:  470: printSegment: [
   DEBUG: 2026-04-08 09:39:29,491:      pdf_renderer.py:  470: printSegment: CRITICAL
   DEBUG: 2026-04-08 09:39:29,492:      pdf_renderer.py:  470: printSegment: ]
   DEBUG: 2026-04-08 09:39:29,492:      pdf_renderer.py:  470: printSegment:  
   DEBUG: 2026-04-08 09:39:29,493:      pdf_renderer.py:  470: printSegment: Missing bibliography file.
   DEBUG: 2026-04-08 09:39:29,494:      pdf_renderer.py:  470: printSegment:  The paper uses 
   DEBUG: 2026-04-08 09:39:29,496:      pdf_renderer.py:  470: printSegment: \bibliography{references}
   DEBUG: 2026-04-08 09:39:29,499:      pdf_renderer.py:  470: printSegment:  but
   DEBUG: 2026-04-08 09:39:29,501:      pdf_renderer.py:  470: printSegment: no references.bib file exists. All citations are unverifiable.
   DEBUG: 2026-04-08 09:39:29,502:      pdf_renderer.py:  470: printSegment: Terminology Drift
   DEBUG: 2026-04-08 09:39:29,502:      pdf_renderer.py:  470: printSegment:  1 
   DEBUG: 2026-04-08 09:39:29,503:      pdf_renderer.py:  470: printSegment: [
   DEBUG: 2026-04-08 09:39:29,504:      pdf_renderer.py:  470: printSegment: MINOR
   DEBUG: 2026-04-08 09:39:29,504:      pdf_renderer.py:  470: printSegment: ]
   DEBUG: 2026-04-08 09:39:29,505:      pdf_renderer.py:  470: printSegment:  
   DEBUG: 2026-04-08 09:39:29,506:      pdf_renderer.py:  470: printSegment: "
   DEBUG: 2026-04-08 09:39:29,506:      pdf_renderer.py:  470: printSegment: Employment voucher
   DEBUG: 2026-04-08 09:39:29,507:      pdf_renderer.py:  470: printSegment: "
   DEBUG: 2026-04-08 09:39:29,508:      pdf_renderer.py:  470: printSegment:  vs. 
   DEBUG: 2026-04-08 09:39:29,508:      pdf_renderer.py:  470: printSegment: "
   DEBUG: 2026-04-08 09:39:29,509:      pdf_renderer.py:  470: printSegment: voucher
   DEBUG: 2026-04-08 09:39:29,510:      pdf_renderer.py:  470: printSegment: "
   DEBUG: 2026-04-08 09:39:29,510:      pdf_renderer.py:  470: printSegment:  vs. 
   DEBUG: 2026-04-08 09:39:29,511:      pdf_renderer.py:  470: printSegment: "
   DEBUG: 2026-04-08 09:39:29,512:      pdf_renderer.py:  470: printSegment: wage subsidy
   DEBUG: 2026-04-08 09:39:29,512:      pdf_renderer.py:  470: printSegment: "
   DEBUG: 2026-04-08 09:39:29,513:      pdf_renderer.py:  470: printSegment:  used interchangeably. The title
   DEBUG: 2026-04-08 09:39:29,514:      pdf_renderer.py:  470: printSegment: uses 
   DEBUG: 2026-04-08 09:39:29,515:      pdf_renderer.py:  470: printSegment: "
   DEBUG: 2026-04-08 09:39:29,516:      pdf_renderer.py:  470: printSegment: Wage Subsidies
   DEBUG: 2026-04-08 09:39:29,516:      pdf_renderer.py:  470: printSegment: "
   DEBUG: 2026-04-08 09:39:29,517:      pdf_renderer.py:  470: printSegment:  while the design section calls it 
   DEBUG: 2026-04-08 09:39:29,518:      pdf_renderer.py:  470: printSegment: "
   DEBUG: 2026-04-08 09:39:29,519:      pdf_renderer.py:  470: printSegment: employment voucher.
   DEBUG: 2026-04-08 09:39:29,519:      pdf_renderer.py:  470: printSegment: "
   DEBUG: 2026-04-08 09:39:29,520:      pdf_renderer.py:  470: printSegment:  2 
   DEBUG: 2026-04-08 09:39:29,521:      pdf_renderer.py:  470: printSegment: [
   DEBUG: 2026-04-08 09:39:29,521:      pdf_renderer.py:  470: printSegment: MINOR
   DEBUG: 2026-04-08 09:39:29,522:      pdf_renderer.py:  470: printSegment: ]
   DEBUG: 2026-04-08 09:39:29,523:      pdf_renderer.py:  470: printSegment:  
   DEBUG: 2026-04-08 09:39:29,523:      pdf_renderer.py:  470: printSegment: "
   DEBUG: 2026-04-08 09:39:29,524:      pdf_renderer.py:  470: printSegment: Currency units
   DEBUG: 2026-04-08 09:39:29,525:      pdf_renderer.py:  470: printSegment: "
   DEBUG: 2026-04-08 09:39:29,525:      pdf_renderer.py:  470: printSegment:  (abstract) vs. 
   DEBUG: 2026-04-08 09:39:29,526:      pdf_renderer.py:  470: printSegment: "
   DEBUG: 2026-04-08 09:39:29,527:      pdf_renderer.py:  470: printSegment: local currency units
   DEBUG: 2026-04-08 09:39:29,528:      pdf_renderer.py:  470: printSegment: "
   DEBUG: 2026-04-08 09:39:29,528:      pdf_renderer.py:  470: printSegment:  (Section 3.4).
   DEBUG: 2026-04-08 09:39:29,529:      pdf_renderer.py:  470: printSegment: Minor Inconsistencies
   DEBUG: 2026-04-08 09:39:29,530:      pdf_renderer.py:  470: printSegment:  1 
   DEBUG: 2026-04-08 09:39:29,531:      pdf_renderer.py:  470: printSegment: [
   DEBUG: 2026-04-08 09:39:29,531:      pdf_renderer.py:  470: printSegment: MINOR
   DEBUG: 2026-04-08 09:39:29,532:      pdf_renderer.py:  470: printSegment: ]
   DEBUG: 2026-04-08 09:39:29,534:      pdf_renderer.py:  470: printSegment:  Table 2 midline employment Ns sum to 1,237, but Table 3 reports N = 1,207. Text claims
   DEBUG: 2026-04-08 09:39:29,534:      pdf_renderer.py:  470: printSegment: 
   DEBUG: 2026-04-08 09:39:29,535:      pdf_renderer.py:  470: printSegment: "
   DEBUG: 2026-04-08 09:39:29,536:      pdf_renderer.py:  470: printSegment: 1,207 for employment.
   DEBUG: 2026-04-08 09:39:29,536:      pdf_renderer.py:  470: printSegment: "
   DEBUG: 2026-04-08 09:39:29,537:      pdf_renderer.py:  470: printSegment:  The difference (missing covariates) is not explained.
   DEBUG: 2026-04-08 09:39:29,538:      pdf_renderer.py:  470: printSegment:  2 
   DEBUG: 2026-04-08 09:39:29,539:      pdf_renderer.py:  470: printSegment: [
   DEBUG: 2026-04-08 09:39:29,539:      pdf_renderer.py:  470: printSegment: MINOR
   DEBUG: 2026-04-08 09:39:29,540:      pdf_renderer.py:  470: printSegment: ]
   DEBUG: 2026-04-08 09:39:29,541:      pdf_renderer.py:  470: printSegment:  Text says ever-employed sample reaches 
   DEBUG: 2026-04-08 09:39:29,542:      pdf_renderer.py:  470: printSegment: "
   DEBUG: 2026-04-08 09:39:29,543:      pdf_renderer.py:  470: printSegment: up to 1,237
   DEBUG: 2026-04-08 09:39:29,543:      pdf_renderer.py:  470: printSegment: "
   DEBUG: 2026-04-08 09:39:29,544:      pdf_renderer.py:  470: printSegment:  but Table 2 sums to 1,249.
   DEBUG: 2026-04-08 09:39:29,545:      pdf_renderer.py:  470: printSegment:  3 
   DEBUG: 2026-04-08 09:39:29,545:      pdf_renderer.py:  470: printSegment: [
   DEBUG: 2026-04-08 09:39:29,546:      pdf_renderer.py:  470: printSegment: MINOR
   DEBUG: 2026-04-08 09:39:29,547:      pdf_renderer.py:  470: printSegment: ]
   DEBUG: 2026-04-08 09:39:29,548:      pdf_renderer.py:  470: printSegment:  Table 2 endline salary Ns sum to 1,249 vs. Table 3
   DEBUG: 2026-04-08 09:39:29,549:      pdf_renderer.py:  470: printSegment: '
   DEBUG: 2026-04-08 09:39:29,550:      pdf_renderer.py:  470: printSegment: s N = 1,218.
   DEBUG: 2026-04-08 09:39:29,550:      pdf_renderer.py:  470: printSegment:  4 
   DEBUG: 2026-04-08 09:39:29,551:      pdf_renderer.py:  470: printSegment: [
   DEBUG: 2026-04-08 09:39:29,552:      pdf_renderer.py:  470: printSegment: MINOR
   DEBUG: 2026-04-08 09:39:29,552:      pdf_renderer.py:  470: printSegment: ]
   DEBUG: 2026-04-08 09:39:29,553:      pdf_renderer.py:  470: printSegment:  Table 2 endline employment Ns sum to 1,287 vs. Table 3
   DEBUG: 2026-04-08 09:39:29,554:      pdf_renderer.py:  470: printSegment: '
   DEBUG: 2026-04-08 09:39:29,555:      pdf_renderer.py:  470: printSegment: s N = 1,255.
   DEBUG: 2026-04-08 09:39:29,556:      pdf_renderer.py:  470: printSegment:  5 
   DEBUG: 2026-04-08 09:39:29,556:      pdf_renderer.py:  470: printSegment: [
   DEBUG: 2026-04-08 09:39:29,557:      pdf_renderer.py:  470: printSegment: MINOR
   DEBUG: 2026-04-08 09:39:29,558:      pdf_renderer.py:  470: printSegment: ]
   DEBUG: 2026-04-08 09:39:29,559:      pdf_renderer.py:  470: printSegment:  The main table coefficient (0.399) matches the 
   DEBUG: 2026-04-08 09:39:29,560:      pdf_renderer.py:  470: printSegment: "
   DEBUG: 2026-04-08 09:39:29,560:      pdf_renderer.py:  470: printSegment: age only
   DEBUG: 2026-04-08 09:39:29,561:      pdf_renderer.py:  470: printSegment: "
   DEBUG: 2026-04-08 09:39:29,562:      pdf_renderer.py:  470: printSegment:  sensitivity specification, not the
   DEBUG: 2026-04-08 09:39:29,563:      pdf_renderer.py:  470: printSegment: 
   DEBUG: 2026-04-08 09:39:29,563:      pdf_renderer.py:  470: printSegment: "
   DEBUG: 2026-04-08 09:39:29,564:      pdf_renderer.py:  470: printSegment: full controls
   DEBUG: 2026-04-08 09:39:29,565:      pdf_renderer.py:  470: printSegment: "
   DEBUG: 2026-04-08 09:39:29,566:      pdf_renderer.py:  470: printSegment:  the text implies is primary (which gives 0.401).
   DEBUG: 2026-04-08 09:39:29,567:      pdf_renderer.py:  470: printSegment:  6 
   DEBUG: 2026-04-08 09:39:29,568:      pdf_renderer.py:  470: printSegment: [
   DEBUG: 2026-04-08 09:39:29,568:      pdf_renderer.py:  470: printSegment: MINOR
   DEBUG: 2026-04-08 09:39:29,569:      pdf_renderer.py:  470: printSegment: ]
   DEBUG: 2026-04-08 09:39:29,570:      pdf_renderer.py:  470: printSegment:  Midline salary interaction: main.tex says -3.217, table3
   DEBUG: 2026-04-08 09:39:29,571:      pdf_renderer.py:  470: printSegment: _
   DEBUG: 2026-04-08 09:39:29,572:      pdf_renderer.py:  470: printSegment: main.tex shows -3.216
   DEBUG: 2026-04-08 09:39:29,573:      pdf_renderer.py:  470: printSegment: (rounding).
   DEBUG: 2026-04-08 09:39:29,574:      pdf_renderer.py:  470: printSegment:  7 
   DEBUG: 2026-04-08 09:39:29,574:      pdf_renderer.py:  470: printSegment: [
   DEBUG: 2026-04-08 09:39:29,575:      pdf_renderer.py:  470: printSegment: MINOR
   DEBUG: 2026-04-08 09:39:29,576:      pdf_renderer.py:  470: printSegment: ]
   DEBUG: 2026-04-08 09:39:29,577:      pdf_renderer.py:  470: printSegment:  
   DEBUG: 2026-04-08 09:39:29,577:      pdf_renderer.py:  470: printSegment: "
   DEBUG: 2026-04-08 09:39:29,578:      pdf_renderer.py:  470: printSegment: Decline of 92%
   DEBUG: 2026-04-08 09:39:29,579:      pdf_renderer.py:  470: printSegment: "
   DEBUG: 2026-04-08 09:39:29,580:      pdf_renderer.py:  470: printSegment:  -- actual calculation is 92.5%.
   DEBUG: 2026-04-08 09:39:29,581:      pdf_renderer.py:  470: printSegment:  8 
   DEBUG: 2026-04-08 09:39:29,582:      pdf_renderer.py:  470: printSegment: [
   DEBUG: 2026-04-08 09:39:29,583:      pdf_renderer.py:  470: printSegment: MINOR
   DEBUG: 2026-04-08 09:39:29,583:      pdf_renderer.py:  470: printSegment: ]
   DEBUG: 2026-04-08 09:39:29,586:      pdf_renderer.py:  470: printSegment:  Midline LFP and ever-employed have no regression estimates in any table despite being
   DEBUG: 2026-04-08 09:39:29,587:      pdf_renderer.py:  470: printSegment: listed as primary outcomes.
   DEBUG: 2026-04-08 09:39:29,589:      pdf_renderer.py:  470: printSegment: 4. Mathematics, Equations 
   DEBUG: 2026-04-08 09:39:29,590:      pdf_renderer.py:  470: printSegment: &
   DEBUG: 2026-04-08 09:39:29,591:      pdf_renderer.py:  470: printSegment:  Notation
   DEBUG: 2026-04-08 09:39:29,592:      pdf_renderer.py:  470: printSegment: Mathematical Errors
   DEBUG: 2026-04-08 09:39:29,592:      pdf_renderer.py:  470: printSegment:  1 
   DEBUG: 2026-04-08 09:39:29,593:      pdf_renderer.py:  470: printSegment: [
   DEBUG: 2026-04-08 09:39:29,593:      pdf_renderer.py:  470: printSegment: MAJOR
   DEBUG: 2026-04-08 09:39:29,594:      pdf_renderer.py:  470: printSegment: ]
   DEBUG: 2026-04-08 09:39:29,594:      pdf_renderer.py:  470: printSegment:  
   DEBUG: 2026-04-08 09:39:29,595:      pdf_renderer.py:  470: printSegment: Inconsistent voucher coefficients across specifications.
   DEBUG: 2026-04-08 09:39:29,609:      pdf_renderer.py:  470: printSegment:  The paper silently switches
   DEBUG: 2026-04-08 09:39:29,618:      pdf_renderer.py:  470: printSegment: between with-controls and no-controls estimates across sections. The fade-out arithmetic is
   DEBUG: 2026-04-08 09:39:29,620:      pdf_renderer.py:  470: printSegment: internally consistent for the no-controls specification (0.396 - 0.034 = 0.362) but contradicts the
   DEBUG: 2026-04-08 09:39:29,621:      pdf_renderer.py:  470: printSegment: main table
   DEBUG: 2026-04-08 09:39:29,622:      pdf_renderer.py:  470: printSegment: '
   DEBUG: 2026-04-08 09:39:29,622:      pdf_renderer.py:  470: printSegment: s with-controls values (0.399 and 0.030). Must be made explicit.
   DEBUG: 2026-04-08 09:39:29,623:      pdf_renderer.py:  470: printSegment:  2 
   DEBUG: 2026-04-08 09:39:29,623:      pdf_renderer.py:  470: printSegment: [
   DEBUG: 2026-04-08 09:39:29,624:      pdf_renderer.py:  470: printSegment: MAJOR
   DEBUG: 2026-04-08 09:39:29,625:      pdf_renderer.py:  470: printSegment: ]
   DEBUG: 2026-04-08 09:39:29,625:      pdf_renderer.py:  470: printSegment:  
   DEBUG: 2026-04-08 09:39:29,626:      pdf_renderer.py:  470: printSegment: Same issue for salary:
   DEBUG: 2026-04-08 09:39:29,627:      pdf_renderer.py:  470: printSegment:  65.342 (with controls) vs. 64.796 (no controls). Endline: 6.954 vs.
   DEBUG: 2026-04-08 09:39:29,627:      pdf_renderer.py:  470: printSegment: 7.713.
   DEBUG: 2026-04-08 09:39:29,628:      pdf_renderer.py:  470: printSegment:  3 
   DEBUG: 2026-04-08 09:39:29,628:      pdf_renderer.py:  470: printSegment: [
   DEBUG: 2026-04-08 09:39:29,629:      pdf_renderer.py:  470: printSegment: MINOR
   DEBUG: 2026-04-08 09:39:29,629:      pdf_renderer.py:  470: printSegment: ]
   DEBUG: 2026-04-08 09:39:29,641:      pdf_renderer.py:  470: printSegment:  Permutation figure note references 0.386, which matches the robustness data but differs
   DEBUG: 2026-04-08 09:39:29,644:      pdf_renderer.py:  470: printSegment: from both reported specifications (0.396 no-controls, 0.399 with-controls). This appears to be from a
   DEBUG: 2026-04-08 09:39:29,645:      pdf_renderer.py:  470: printSegment: distinct estimation but is unexplained.
   DEBUG: 2026-04-08 09:39:29,645:      pdf_renderer.py:  470: printSegment:  4 
   DEBUG: 2026-04-08 09:39:29,646:      pdf_renderer.py:  470: printSegment: [
   DEBUG: 2026-04-08 09:39:29,646:      pdf_renderer.py:  470: printSegment: MINOR
   DEBUG: 2026-04-08 09:39:29,647:      pdf_renderer.py:  470: printSegment: ]
   DEBUG: 2026-04-08 09:39:29,651:      pdf_renderer.py:  470: printSegment:  LFP fade-out references endline as 0.098, but main table reports 0.101. Midline LFP
   DEBUG: 2026-04-08 09:39:29,652:      pdf_renderer.py:  470: printSegment: (+0.028) is never shown in any regression table.
   DEBUG: 2026-04-08 09:39:29,652:      pdf_renderer.py:  470: printSegment: Notation Inconsistencies
   DEBUG: 2026-04-08 09:39:29,653:      pdf_renderer.py:  470: printSegment:  1 
   DEBUG: 2026-04-08 09:39:29,654:      pdf_renderer.py:  470: printSegment: [
   DEBUG: 2026-04-08 09:39:29,655:      pdf_renderer.py:  470: printSegment: MINOR
   DEBUG: 2026-04-08 09:39:29,655:      pdf_renderer.py:  470: printSegment: ]
   DEBUG: 2026-04-08 09:39:29,656:      pdf_renderer.py:  470: printSegment:  
   DEBUG: 2026-04-08 09:39:29,656:      pdf_renderer.py:  470: printSegment: "
   DEBUG: 2026-04-08 09:39:29,657:      pdf_renderer.py:  470: printSegment: Percentage points
   DEBUG: 2026-04-08 09:39:29,657:      pdf_renderer.py:  470: printSegment: "
   DEBUG: 2026-04-08 09:39:29,658:      pdf_renderer.py:  470: printSegment:  and 
   DEBUG: 2026-04-08 09:39:29,658:      pdf_renderer.py:  470: printSegment: "
   DEBUG: 2026-04-08 09:39:29,659:      pdf_renderer.py:  470: printSegment: pp
   DEBUG: 2026-04-08 09:39:29,660:      pdf_renderer.py:  470: printSegment: "
   DEBUG: 2026-04-08 09:39:29,660:      pdf_renderer.py:  470: printSegment:  used interchangeably; 
   DEBUG: 2026-04-08 09:39:29,661:      pdf_renderer.py:  470: printSegment: "
   DEBUG: 2026-04-08 09:39:29,661:      pdf_renderer.py:  470: printSegment: pp
   DEBUG: 2026-04-08 09:39:29,662:      pdf_renderer.py:  470: printSegment: "
   DEBUG: 2026-04-08 09:39:29,662:      pdf_renderer.py:  470: printSegment:  never formally defined.
   DEBUG: 2026-04-08 09:39:29,663:      pdf_renderer.py:  470: printSegment:  2 
   DEBUG: 2026-04-08 09:39:29,663:      pdf_renderer.py:  470: printSegment: [
   DEBUG: 2026-04-08 09:39:29,664:      pdf_renderer.py:  470: printSegment: MINOR
   DEBUG: 2026-04-08 09:39:29,664:      pdf_renderer.py:  470: printSegment: ]
   DEBUG: 2026-04-08 09:39:29,665:      pdf_renderer.py:  470: printSegment:  
   DEBUG: 2026-04-08 09:39:29,666:      pdf_renderer.py:  470: printSegment: "
   DEBUG: 2026-04-08 09:39:29,666:      pdf_renderer.py:  470: printSegment: Currency units,
   DEBUG: 2026-04-08 09:39:29,667:      pdf_renderer.py:  470: printSegment: "
   DEBUG: 2026-04-08 09:39:29,667:      pdf_renderer.py:  470: printSegment:  
   DEBUG: 2026-04-08 09:39:29,668:      pdf_renderer.py:  470: printSegment: "
   DEBUG: 2026-04-08 09:39:29,668:      pdf_renderer.py:  470: printSegment: units,
   DEBUG: 2026-04-08 09:39:29,669:      pdf_renderer.py:  470: printSegment: "
   DEBUG: 2026-04-08 09:39:29,669:      pdf_renderer.py:  470: printSegment:  and 
   DEBUG: 2026-04-08 09:39:29,670:      pdf_renderer.py:  470: printSegment: "
   DEBUG: 2026-04-08 09:39:29,671:      pdf_renderer.py:  470: printSegment: local currency units
   DEBUG: 2026-04-08 09:39:29,671:      pdf_renderer.py:  470: printSegment: "
   DEBUG: 2026-04-08 09:39:29,672:      pdf_renderer.py:  470: printSegment:  used inconsistently for salary.
   DEBUG: 2026-04-08 09:39:29,673:      pdf_renderer.py:  470: printSegment: Undefined Notation
   DEBUG: 2026-04-08 09:39:29,674:      pdf_renderer.py:  470: printSegment:  1 
   DEBUG: 2026-04-08 09:39:29,674:      pdf_renderer.py:  470: printSegment: [
   DEBUG: 2026-04-08 09:39:29,675:      pdf_renderer.py:  470: printSegment: MINOR
   DEBUG: 2026-04-08 09:39:29,676:      pdf_renderer.py:  470: printSegment: ]
   DEBUG: 2026-04-08 09:39:29,676:      pdf_renderer.py:  470: printSegment:  $
   DEBUG: 2026-04-08 09:39:29,677:      pdf_renderer.py:  470: printSegment: \
   DEBUG: 2026-04-08 09:39:29,677:      pdf_renderer.py:  470: printSegment: mathbf{X}
   DEBUG: 2026-04-08 09:39:29,678:      pdf_renderer.py:  470: printSegment: _
   DEBUG: 2026-04-08 09:39:29,679:      pdf_renderer.py:  470: printSegment: i$ (baseline covariates vector) is never fully enumerated. The 
   DEBUG: 2026-04-08 09:39:29,679:      pdf_renderer.py:  470: printSegment: "
   DEBUG: 2026-04-08 09:39:29,680:      pdf_renderer.py:  470: printSegment: full baseline
   DEBUG: 2026-04-08 09:39:29,681:      pdf_renderer.py:  470: printSegment: controls
   DEBUG: 2026-04-08 09:39:29,681:      pdf_renderer.py:  470: printSegment: "
   DEBUG: 2026-04-08 09:39:29,682:      pdf_renderer.py:  470: printSegment:  set is implied but not listed.
   DEBUG: 2026-04-08 09:39:29,683:      pdf_renderer.py:  470: printSegment: Regression Specification Issues
   DEBUG: 2026-04-08 09:39:29,684:      pdf_renderer.py:  470: printSegment:  1 
   DEBUG: 2026-04-08 09:39:29,684:      pdf_renderer.py:  470: printSegment: [
   DEBUG: 2026-04-08 09:39:29,685:      pdf_renderer.py:  470: printSegment: MAJOR
   DEBUG: 2026-04-08 09:39:29,685:      pdf_renderer.py:  470: printSegment: ]
   DEBUG: 2026-04-08 09:39:29,686:      pdf_renderer.py:  470: printSegment:  
   DEBUG: 2026-04-08 09:39:29,687:      pdf_renderer.py:  470: printSegment: Missing midline LFP and ever-employed columns in Table 3.
   DEBUG: 2026-04-08 09:39:29,692:      pdf_renderer.py:  470: printSegment:  Two primary outcomes
   DEBUG: 2026-04-08 09:39:29,693:      pdf_renderer.py:  470: printSegment: have regression results referenced in the fade-out analysis but no estimates shown in any table.
   DEBUG: 2026-04-08 09:39:29,694:      pdf_renderer.py:  470: printSegment:  2 
   DEBUG: 2026-04-08 09:39:29,695:      pdf_renderer.py:  470: printSegment: [
   DEBUG: 2026-04-08 09:39:29,695:      pdf_renderer.py:  470: printSegment: MAJOR
   DEBUG: 2026-04-08 09:39:29,696:      pdf_renderer.py:  470: printSegment: ]
   DEBUG: 2026-04-08 09:39:29,696:      pdf_renderer.py:  470: printSegment:  
   DEBUG: 2026-04-08 09:39:29,697:      pdf_renderer.py:  470: printSegment: Main table specification ambiguity.
   DEBUG: 2026-04-08 09:39:29,698:      pdf_renderer.py:  470: printSegment:  The main table coefficient (0.399) matches 
   DEBUG: 2026-04-08 09:39:29,699:      pdf_renderer.py:  470: printSegment: "
   DEBUG: 2026-04-08 09:39:29,699:      pdf_renderer.py:  470: printSegment: age
   DEBUG: 2026-04-08 09:39:29,700:      pdf_renderer.py:  470: printSegment: only
   DEBUG: 2026-04-08 09:39:29,701:      pdf_renderer.py:  470: printSegment: "
   DEBUG: 2026-04-08 09:39:29,701:      pdf_renderer.py:  470: printSegment:  controls, not 
   DEBUG: 2026-04-08 09:39:29,702:      pdf_renderer.py:  470: printSegment: "
   DEBUG: 2026-04-08 09:39:29,703:      pdf_renderer.py:  470: printSegment: full controls
   DEBUG: 2026-04-08 09:39:29,703:      pdf_renderer.py:  470: printSegment: "
   DEBUG: 2026-04-08 09:39:29,704:      pdf_renderer.py:  470: printSegment:  (0.401). Which specification is primary?
   DEBUG: 2026-04-08 09:39:29,705:      pdf_renderer.py:  470: printSegment:  3 
   DEBUG: 2026-04-08 09:39:29,705:      pdf_renderer.py:  470: printSegment: [
   DEBUG: 2026-04-08 09:39:29,706:      pdf_renderer.py:  470: printSegment: MINOR
   DEBUG: 2026-04-08 09:39:29,707:      pdf_renderer.py:  470: printSegment: ]
   DEBUG: 2026-04-08 09:39:29,707:      pdf_renderer.py:  470: printSegment:  Table 3 does not report R-squared or adjusted R-squared.
   DEBUG: 2026-04-08 09:39:29,708:      pdf_renderer.py:  470: printSegment: LaTeX Math Formatting
   DEBUG: 2026-04-08 09:39:29,709:      pdf_renderer.py:  470: printSegment:  1 
   DEBUG: 2026-04-08 09:39:29,709:      pdf_renderer.py:  470: printSegment: [
   DEBUG: 2026-04-08 09:39:29,710:      pdf_renderer.py:  470: printSegment: MINOR
   DEBUG: 2026-04-08 09:39:29,711:      pdf_renderer.py:  470: printSegment: ]
   DEBUG: 2026-04-08 09:39:29,712:      pdf_renderer.py:  470: printSegment:  SE notation in abstract (
   DEBUG: 2026-04-08 09:39:29,712:      pdf_renderer.py:  470: printSegment: SE $= 0.035$
   DEBUG: 2026-04-08 09:39:29,713:      pdf_renderer.py:  470: printSegment: ) mixes text and math mode inconsistently.
   DEBUG: 2026-04-08 09:39:29,714:      pdf_renderer.py:  470: printSegment:  2 
   DEBUG: 2026-04-08 09:39:29,715:      pdf_renderer.py:  470: printSegment: [
   DEBUG: 2026-04-08 09:39:29,715:      pdf_renderer.py:  470: printSegment: MINOR
   DEBUG: 2026-04-08 09:39:29,716:      pdf_renderer.py:  470: printSegment: ]
   DEBUG: 2026-04-08 09:39:29,717:      pdf_renderer.py:  470: printSegment:  Lee bounds intervals could use 
   DEBUG: 2026-04-08 09:39:29,718:      pdf_renderer.py:  470: printSegment: \left[...\right]
   DEBUG: 2026-04-08 09:39:29,718:      pdf_renderer.py:  470: printSegment:  for robustness.
   DEBUG: 2026-04-08 09:39:29,720:      pdf_renderer.py:  470: printSegment: 5. Tables, Figures 
   DEBUG: 2026-04-08 09:39:29,721:      pdf_renderer.py:  470: printSegment: &
   DEBUG: 2026-04-08 09:39:29,721:      pdf_renderer.py:  470: printSegment:  Documentation
   DEBUG: 2026-04-08 09:39:29,722:      pdf_renderer.py:  470: printSegment: Tables with Missing or Incomplete Notes
   DEBUG: 2026-04-08 09:39:29,723:      pdf_renderer.py:  470: printSegment: Table 1 (Balance)
   DEBUG: 2026-04-08 09:39:29,724:      pdf_renderer.py:  470: printSegment: l
   DEBUG: 2026-04-08 09:39:29,725:      pdf_renderer.py:  470: printSegment: [
   DEBUG: 2026-04-08 09:39:29,725:      pdf_renderer.py:  470: printSegment: MAJOR
   DEBUG: 2026-04-08 09:39:29,726:      pdf_renderer.py:  470: printSegment: ]
   DEBUG: 2026-04-08 09:39:29,727:      pdf_renderer.py:  470: printSegment:  Notes do not state which sample is used (experimental sample of 1,347).
   DEBUG: 2026-04-08 09:39:29,728:      pdf_renderer.py:  470: printSegment: l
   DEBUG: 2026-04-08 09:39:29,728:      pdf_renderer.py:  470: printSegment: [
   DEBUG: 2026-04-08 09:39:29,729:      pdf_renderer.py:  470: printSegment: MAJOR
   DEBUG: 2026-04-08 09:39:29,730:      pdf_renderer.py:  470: printSegment: ]
   DEBUG: 2026-04-08 09:39:29,731:      pdf_renderer.py:  470: printSegment:  No joint F-test or omnibus balance test reported.
   DEBUG: 2026-04-08 09:39:29,732:      pdf_renderer.py:  470: printSegment: l
   DEBUG: 2026-04-08 09:39:29,732:      pdf_renderer.py:  470: printSegment: [
   DEBUG: 2026-04-08 09:39:29,733:      pdf_renderer.py:  470: printSegment: MINOR
   DEBUG: 2026-04-08 09:39:29,734:      pdf_renderer.py:  470: printSegment: ]
   DEBUG: 2026-04-08 09:39:29,735:      pdf_renderer.py:  470: printSegment:  Notes do not define 
   DEBUG: 2026-04-08 09:39:29,735:      pdf_renderer.py:  470: printSegment: "
   DEBUG: 2026-04-08 09:39:29,736:      pdf_renderer.py:  470: printSegment: Exam result
   DEBUG: 2026-04-08 09:39:29,737:      pdf_renderer.py:  470: printSegment: "
   DEBUG: 2026-04-08 09:39:29,737:      pdf_renderer.py:  470: printSegment:  or 
   DEBUG: 2026-04-08 09:39:29,738:      pdf_renderer.py:  470: printSegment: "
   DEBUG: 2026-04-08 09:39:29,739:      pdf_renderer.py:  470: printSegment: Social status
   DEBUG: 2026-04-08 09:39:29,740:      pdf_renderer.py:  470: printSegment: "
   DEBUG: 2026-04-08 09:39:29,740:      pdf_renderer.py:  470: printSegment:  (units, scale).
   DEBUG: 2026-04-08 09:39:29,741:      pdf_renderer.py:  470: printSegment: Table 2 (Arm Means)
   DEBUG: 2026-04-08 09:39:29,742:      pdf_renderer.py:  470: printSegment: l
   DEBUG: 2026-04-08 09:39:29,743:      pdf_renderer.py:  470: printSegment: [
   DEBUG: 2026-04-08 09:39:29,744:      pdf_renderer.py:  470: printSegment: MAJOR
   DEBUG: 2026-04-08 09:39:29,744:      pdf_renderer.py:  470: printSegment: ]
   DEBUG: 2026-04-08 09:39:29,745:      pdf_renderer.py:  470: printSegment:  Notes do not define the unit of 
   DEBUG: 2026-04-08 09:39:29,746:      pdf_renderer.py:  470: printSegment: "
   DEBUG: 2026-04-08 09:39:29,747:      pdf_renderer.py:  470: printSegment: Monthly salary
   DEBUG: 2026-04-08 09:39:29,748:      pdf_renderer.py:  470: printSegment: "
   DEBUG: 2026-04-08 09:39:29,749:      pdf_renderer.py:  470: printSegment:  (including zeros for non-employed).
   DEBUG: 2026-04-08 09:39:29,749:      pdf_renderer.py:  470: printSegment: l
   DEBUG: 2026-04-08 09:39:29,750:      pdf_renderer.py:  470: printSegment: [
   DEBUG: 2026-04-08 09:39:29,751:      pdf_renderer.py:  470: printSegment: MINOR
   DEBUG: 2026-04-08 09:39:29,752:      pdf_renderer.py:  470: printSegment: ]
   DEBUG: 2026-04-08 09:39:29,753:      pdf_renderer.py:  470: printSegment:  No standard deviations or standard errors alongside means.
   DEBUG: 2026-04-08 09:39:29,754:      pdf_renderer.py:  470: printSegment: l
   DEBUG: 2026-04-08 09:39:29,754:      pdf_renderer.py:  470: printSegment: [
   DEBUG: 2026-04-08 09:39:29,755:      pdf_renderer.py:  470: printSegment: MINOR
   DEBUG: 2026-04-08 09:39:29,755:      pdf_renderer.py:  470: printSegment: ]
   DEBUG: 2026-04-08 09:39:29,756:      pdf_renderer.py:  470: printSegment:  Notes do not specify survey wave timing (months post-randomization).
   DEBUG: 2026-04-08 09:39:29,757:      pdf_renderer.py:  470: printSegment: Table 3 (Main Results)
   DEBUG: 2026-04-08 09:39:29,757:      pdf_renderer.py:  470: printSegment: l
   DEBUG: 2026-04-08 09:39:29,758:      pdf_renderer.py:  470: printSegment: [
   DEBUG: 2026-04-08 09:39:29,758:      pdf_renderer.py:  470: printSegment: CRITICAL
   DEBUG: 2026-04-08 09:39:29,759:      pdf_renderer.py:  470: printSegment: ]
   DEBUG: 2026-04-08 09:39:29,759:      pdf_renderer.py:  470: printSegment:  Notes do 
   DEBUG: 2026-04-08 09:39:29,760:      pdf_renderer.py:  470: printSegment: not
   DEBUG: 2026-04-08 09:39:29,761:      pdf_renderer.py:  470: printSegment:  state which baseline controls are included. The table is not
   DEBUG: 2026-04-08 09:39:29,761:      pdf_renderer.py:  470: printSegment: self-contained.
   DEBUG: 2026-04-08 09:39:29,762:      pdf_renderer.py:  470: printSegment: l
   DEBUG: 2026-04-08 09:39:29,762:      pdf_renderer.py:  470: printSegment: [
   DEBUG: 2026-04-08 09:39:29,762:      pdf_renderer.py:  470: printSegment: MAJOR
   DEBUG: 2026-04-08 09:39:29,763:      pdf_renderer.py:  470: printSegment: ]
   DEBUG: 2026-04-08 09:39:29,764:      pdf_renderer.py:  470: printSegment:  No R-squared reported.
   DEBUG: 2026-04-08 09:39:29,764:      pdf_renderer.py:  470: printSegment: l
   DEBUG: 2026-04-08 09:39:29,764:      pdf_renderer.py:  470: printSegment: [
   DEBUG: 2026-04-08 09:39:29,765:      pdf_renderer.py:  470: printSegment: MAJOR
   DEBUG: 2026-04-08 09:39:29,765:      pdf_renderer.py:  470: printSegment: ]
   DEBUG: 2026-04-08 09:39:29,766:      pdf_renderer.py:  470: printSegment:  Dependent variables not explicitly defined in notes (binary indicator vs. continuous).
   DEBUG: 2026-04-08 09:39:29,767:      pdf_renderer.py:  470: printSegment: l
   DEBUG: 2026-04-08 09:39:29,767:      pdf_renderer.py:  470: printSegment: [
   DEBUG: 2026-04-08 09:39:29,768:      pdf_renderer.py:  470: printSegment: MINOR
   DEBUG: 2026-04-08 09:39:29,768:      pdf_renderer.py:  470: printSegment: ]
   DEBUG: 2026-04-08 09:39:29,769:      pdf_renderer.py:  470: printSegment:  
   DEBUG: 2026-04-08 09:39:29,769:      pdf_renderer.py:  470: printSegment: "
   DEBUG: 2026-04-08 09:39:29,770:      pdf_renderer.py:  470: printSegment: Salary
   DEBUG: 2026-04-08 09:39:29,770:      pdf_renderer.py:  470: printSegment: "
   DEBUG: 2026-04-08 09:39:29,771:      pdf_renderer.py:  470: printSegment:  column header appears twice without disambiguation (midline vs. endline).
   DEBUG: 2026-04-08 09:39:29,771:      pdf_renderer.py:  470: printSegment: l
   DEBUG: 2026-04-08 09:39:29,772:      pdf_renderer.py:  470: printSegment: [
   DEBUG: 2026-04-08 09:39:29,772:      pdf_renderer.py:  470: printSegment: MINOR
   DEBUG: 2026-04-08 09:39:29,773:      pdf_renderer.py:  470: printSegment: ]
   DEBUG: 2026-04-08 09:39:29,774:      pdf_renderer.py:  470: printSegment:  Midline LFP and ever-employed omitted without explanation.
   DEBUG: 2026-04-08 09:39:29,774:      pdf_renderer.py:  470: printSegment: Table 4 (Robustness)
   DEBUG: 2026-04-08 09:39:29,775:      pdf_renderer.py:  470: printSegment: l
   DEBUG: 2026-04-08 09:39:29,775:      pdf_renderer.py:  470: printSegment: [
   DEBUG: 2026-04-08 09:39:29,776:      pdf_renderer.py:  470: printSegment: MAJOR
   DEBUG: 2026-04-08 09:39:29,776:      pdf_renderer.py:  470: printSegment: ]
   DEBUG: 2026-04-08 09:39:29,777:      pdf_renderer.py:  470: printSegment:  No sample sizes for any robustness test.
   DEBUG: 2026-04-08 09:39:29,778:      pdf_renderer.py:  470: printSegment: l
   DEBUG: 2026-04-08 09:39:29,778:      pdf_renderer.py:  470: printSegment: [
   DEBUG: 2026-04-08 09:39:29,779:      pdf_renderer.py:  470: printSegment: MAJOR
   DEBUG: 2026-04-08 09:39:29,779:      pdf_renderer.py:  470: printSegment: ]
   DEBUG: 2026-04-08 09:39:29,780:      pdf_renderer.py:  470: printSegment:  Number of permutations stated as 
   DEBUG: 2026-04-08 09:39:29,781:      pdf_renderer.py:  470: printSegment: "
   DEBUG: 2026-04-08 09:39:29,782:      pdf_renderer.py:  470: printSegment: 1,000+
   DEBUG: 2026-04-08 09:39:29,783:      pdf_renderer.py:  470: printSegment: "
   DEBUG: 2026-04-08 09:39:29,784:      pdf_renderer.py:  470: printSegment:  -- should be exact.
   DEBUG: 2026-04-08 09:39:29,785:      pdf_renderer.py:  470: printSegment: Figures with Missing or Incomplete Notes
   DEBUG: 2026-04-08 09:39:29,786:      pdf_renderer.py:  470: printSegment: Figure 1 (Arm Means)
   DEBUG: 2026-04-08 09:39:29,786:      pdf_renderer.py:  470: printSegment: l
   DEBUG: 2026-04-08 09:39:29,787:      pdf_renderer.py:  470: printSegment: [
   DEBUG: 2026-04-08 09:39:29,787:      pdf_renderer.py:  470: printSegment: MAJOR
   DEBUG: 2026-04-08 09:39:29,788:      pdf_renderer.py:  470: printSegment: ]
   DEBUG: 2026-04-08 09:39:29,789:      pdf_renderer.py:  470: printSegment:  Notes do not specify which outcomes are plotted.
   DEBUG: 2026-04-08 09:39:29,789:      pdf_renderer.py:  470: printSegment: l
   DEBUG: 2026-04-08 09:39:29,790:      pdf_renderer.py:  470: printSegment: [
   DEBUG: 2026-04-08 09:39:29,790:      pdf_renderer.py:  470: printSegment: MAJOR
   DEBUG: 2026-04-08 09:39:29,791:      pdf_renderer.py:  470: printSegment: ]
   DEBUG: 2026-04-08 09:39:29,792:      pdf_renderer.py:  470: printSegment:  Notes do not state sample or sample size.
   DEBUG: 2026-04-08 09:39:29,792:      pdf_renderer.py:  470: printSegment: Figure 2 (Treatment Effects)
   DEBUG: 2026-04-08 09:39:29,793:      pdf_renderer.py:  470: printSegment: l
   DEBUG: 2026-04-08 09:39:29,794:      pdf_renderer.py:  470: printSegment: [
   DEBUG: 2026-04-08 09:39:29,794:      pdf_renderer.py:  470: printSegment: MAJOR
   DEBUG: 2026-04-08 09:39:29,795:      pdf_renderer.py:  470: printSegment: ]
   DEBUG: 2026-04-08 09:39:29,796:      pdf_renderer.py:  470: printSegment:  Notes do not specify which outcomes/coefficients are plotted.
   DEBUG: 2026-04-08 09:39:29,796:      pdf_renderer.py:  470: printSegment: l
   DEBUG: 2026-04-08 09:39:29,797:      pdf_renderer.py:  470: printSegment: [
   DEBUG: 2026-04-08 09:39:29,797:      pdf_renderer.py:  470: printSegment: MAJOR
   DEBUG: 2026-04-08 09:39:29,798:      pdf_renderer.py:  470: printSegment: ]
   DEBUG: 2026-04-08 09:39:29,799:      pdf_renderer.py:  470: printSegment:  Notes do not state sample size or controls.
   DEBUG: 2026-04-08 09:39:29,799:      pdf_renderer.py:  470: printSegment: Figure 3 (Fade-out)
   DEBUG: 2026-04-08 09:39:29,800:      pdf_renderer.py:  470: printSegment: l
   DEBUG: 2026-04-08 09:39:29,800:      pdf_renderer.py:  470: printSegment: [
   DEBUG: 2026-04-08 09:39:29,801:      pdf_renderer.py:  470: printSegment: MAJOR
   DEBUG: 2026-04-08 09:39:29,802:      pdf_renderer.py:  470: printSegment: ]
   DEBUG: 2026-04-08 09:39:29,808:      pdf_renderer.py:  470: printSegment:  Notes reference coefficients (0.396, 0.034, 64.796, 7.713) that differ from Table 3 values
   DEBUG: 2026-04-08 09:39:29,809:      pdf_renderer.py:  470: printSegment: (0.399, 0.030, 65.342, 6.954). Should state these are from the no-controls specification.
   DEBUG: 2026-04-08 09:39:29,810:      pdf_renderer.py:  470: printSegment: Figure 4 (Permutation)
   DEBUG: 2026-04-08 09:39:29,811:      pdf_renderer.py:  470: printSegment: l
   DEBUG: 2026-04-08 09:39:29,811:      pdf_renderer.py:  470: printSegment: [
   DEBUG: 2026-04-08 09:39:29,812:      pdf_renderer.py:  470: printSegment: CRITICAL
   DEBUG: 2026-04-08 09:39:29,813:      pdf_renderer.py:  470: printSegment: ]
   DEBUG: 2026-04-08 09:39:29,814:      pdf_renderer.py:  470: printSegment:  Note says observed estimate is 
   DEBUG: 2026-04-08 09:39:29,815:      pdf_renderer.py:  470: printSegment: "
   DEBUG: 2026-04-08 09:39:29,815:      pdf_renderer.py:  470: printSegment: 0.386
   DEBUG: 2026-04-08 09:39:29,816:      pdf_renderer.py:  470: printSegment: "
   DEBUG: 2026-04-08 09:39:29,817:      pdf_renderer.py:  470: printSegment:  but text says 
   DEBUG: 2026-04-08 09:39:29,818:      pdf_renderer.py:  470: printSegment: "
   DEBUG: 2026-04-08 09:39:29,818:      pdf_renderer.py:  470: printSegment: 0.399
   DEBUG: 2026-04-08 09:39:29,819:      pdf_renderer.py:  470: printSegment: "
   DEBUG: 2026-04-08 09:39:29,820:      pdf_renderer.py:  470: printSegment:  and sensitivity says 
   DEBUG: 2026-04-08 09:39:29,820:      pdf_renderer.py:  470: printSegment: "
   DEBUG: 2026-04-08 09:39:29,822:      pdf_renderer.py:  470: printSegment: 0.396.
   DEBUG: 2026-04-08 09:39:29,823:      pdf_renderer.py:  470: printSegment: "
   DEBUG: 2026-04-08 09:39:29,824:      pdf_renderer.py:  470: printSegment:  The robustness data confirms 0.386 is the permutation value, but this is unexplained.
   DEBUG: 2026-04-08 09:39:29,825:      pdf_renderer.py:  470: printSegment: l
   DEBUG: 2026-04-08 09:39:29,826:      pdf_renderer.py:  470: printSegment: [
   DEBUG: 2026-04-08 09:39:29,827:      pdf_renderer.py:  470: printSegment: MAJOR
   DEBUG: 2026-04-08 09:39:29,828:      pdf_renderer.py:  470: printSegment: ]
   DEBUG: 2026-04-08 09:39:29,829:      pdf_renderer.py:  470: printSegment:  
   DEBUG: 2026-04-08 09:39:29,830:      pdf_renderer.py:  470: printSegment: "
   DEBUG: 2026-04-08 09:39:29,831:      pdf_renderer.py:  470: printSegment: 1,000+ permutations
   DEBUG: 2026-04-08 09:39:29,832:      pdf_renderer.py:  470: printSegment: "
   DEBUG: 2026-04-08 09:39:29,833:      pdf_renderer.py:  470: printSegment:  -- exact number needed.
   DEBUG: 2026-04-08 09:39:29,834:      pdf_renderer.py:  470: printSegment: Cross-Reference Issues
   DEBUG: 2026-04-08 09:39:29,834:      pdf_renderer.py:  470: printSegment: l
   DEBUG: 2026-04-08 09:39:29,835:      pdf_renderer.py:  470: printSegment: [
   DEBUG: 2026-04-08 09:39:29,836:      pdf_renderer.py:  470: printSegment: MAJOR
   DEBUG: 2026-04-08 09:39:29,837:      pdf_renderer.py:  470: printSegment: ]
   DEBUG: 2026-04-08 09:39:29,839:      pdf_renderer.py:  470: printSegment:  Midline ever-employed and midline LFP discussed in text but no regression coefficients
   DEBUG: 2026-04-08 09:39:29,840:      pdf_renderer.py:  470: printSegment: in any table.
   DEBUG: 2026-04-08 09:39:29,841:      pdf_renderer.py:  470: printSegment: l
   DEBUG: 2026-04-08 09:39:29,841:      pdf_renderer.py:  470: printSegment: [
   DEBUG: 2026-04-08 09:39:29,842:      pdf_renderer.py:  470: printSegment: MINOR
   DEBUG: 2026-04-08 09:39:29,843:      pdf_renderer.py:  470: printSegment: ]
   DEBUG: 2026-04-08 09:39:29,844:      pdf_renderer.py:  470: printSegment:  All tables and figures are properly referenced in text. No orphaned elements.
   DEBUG: 2026-04-08 09:39:29,845:      pdf_renderer.py:  470: printSegment: Formatting Inconsistencies
   DEBUG: 2026-04-08 09:39:29,846:      pdf_renderer.py:  470: printSegment: l
   DEBUG: 2026-04-08 09:39:29,846:      pdf_renderer.py:  470: printSegment: [
   DEBUG: 2026-04-08 09:39:29,847:      pdf_renderer.py:  470: printSegment: MINOR
   DEBUG: 2026-04-08 09:39:29,848:      pdf_renderer.py:  470: printSegment: ]
   DEBUG: 2026-04-08 09:39:29,850:      pdf_renderer.py:  470: printSegment:  Table 2 uses parenthetical N while Table 1 uses parenthetical SDs -- different
   DEBUG: 2026-04-08 09:39:29,850:      pdf_renderer.py:  470: printSegment: conventions.
   DEBUG: 2026-04-08 09:39:29,851:      pdf_renderer.py:  470: printSegment: l
   DEBUG: 2026-04-08 09:39:29,852:      pdf_renderer.py:  470: printSegment: [
   DEBUG: 2026-04-08 09:39:29,853:      pdf_renderer.py:  470: printSegment: MINOR
   DEBUG: 2026-04-08 09:39:29,853:      pdf_renderer.py:  470: printSegment: ]
   DEBUG: 2026-04-08 09:39:29,854:      pdf_renderer.py:  470: printSegment:  Table notes use 
   DEBUG: 2026-04-08 09:39:29,855:      pdf_renderer.py:  470: printSegment: threeparttable
   DEBUG: 2026-04-08 09:39:29,856:      pdf_renderer.py:  470: printSegment:  while figure notes use 
   DEBUG: 2026-04-08 09:39:29,857:      pdf_renderer.py:  470: printSegment: minipage
   DEBUG: 2026-04-08 09:39:29,858:      pdf_renderer.py:  470: printSegment:  -- minor stylistic
   DEBUG: 2026-04-08 09:39:29,859:      pdf_renderer.py:  470: printSegment: inconsistency.
   DEBUG: 2026-04-08 09:39:29,859:      pdf_renderer.py:  470: printSegment: l
   DEBUG: 2026-04-08 09:39:29,860:      pdf_renderer.py:  470: printSegment: [
   DEBUG: 2026-04-08 09:39:29,861:      pdf_renderer.py:  470: printSegment: CRITICAL
   DEBUG: 2026-04-08 09:39:29,862:      pdf_renderer.py:  470: printSegment: ]
   DEBUG: 2026-04-08 09:39:29,862:      pdf_renderer.py:  470: printSegment:  
   DEBUG: 2026-04-08 09:39:29,863:      pdf_renderer.py:  470: printSegment: \bibliography{references}
   DEBUG: 2026-04-08 09:39:29,865:      pdf_renderer.py:  470: printSegment:  references a missing .bib file. Paper will not
   DEBUG: 2026-04-08 09:39:29,865:      pdf_renderer.py:  470: printSegment: compile.
   DEBUG: 2026-04-08 09:39:29,867:      pdf_renderer.py:  470: printSegment: 6. Spelling, Grammar 
   DEBUG: 2026-04-08 09:39:29,868:      pdf_renderer.py:  470: printSegment: &
   DEBUG: 2026-04-08 09:39:29,868:      pdf_renderer.py:  470: printSegment:  Style
   DEBUG: 2026-04-08 09:39:29,869:      pdf_renderer.py:  470: printSegment: Critical Issues (must fix before submission)
   DEBUG: 2026-04-08 09:39:29,869:      pdf_renderer.py:  470: printSegment:  1 
   DEBUG: 2026-04-08 09:39:29,870:      pdf_renderer.py:  470: printSegment: [
   DEBUG: 2026-04-08 09:39:29,870:      pdf_renderer.py:  470: printSegment: CRITICAL
   DEBUG: 2026-04-08 09:39:29,871:      pdf_renderer.py:  470: printSegment: ]
   DEBUG: 2026-04-08 09:39:29,871:      pdf_renderer.py:  470: printSegment:  Line 74 -- 
   DEBUG: 2026-04-08 09:39:29,872:      pdf_renderer.py:  470: printSegment: "
   DEBUG: 2026-04-08 09:39:29,873:      pdf_renderer.py:  470: printSegment: These findings contribute to several literatures.
   DEBUG: 2026-04-08 09:39:29,873:      pdf_renderer.py:  470: printSegment: "
   DEBUG: 2026-04-08 09:39:29,873:      pdf_renderer.py:  470: printSegment:  This is the 
   DEBUG: 2026-04-08 09:39:29,874:      pdf_renderer.py:  470: printSegment: "
   DEBUG: 2026-04-08 09:39:29,875:      pdf_renderer.py:  470: printSegment: contribute to
   DEBUG: 2026-04-08 09:39:29,875:      pdf_renderer.py:  470: printSegment: the literature
   DEBUG: 2026-04-08 09:39:29,875:      pdf_renderer.py:  470: printSegment: "
   DEBUG: 2026-04-08 09:39:29,876:      pdf_renderer.py:  470: printSegment:  pattern. Rewrite: 
   DEBUG: 2026-04-08 09:39:29,876:      pdf_renderer.py:  470: printSegment: "
   DEBUG: 2026-04-08 09:39:29,877:      pdf_renderer.py:  470: printSegment: These findings relate to three strands of evidence.
   DEBUG: 2026-04-08 09:39:29,878:      pdf_renderer.py:  470: printSegment: "
   DEBUG: 2026-04-08 09:39:29,878:      pdf_renderer.py:  470: printSegment:  2 
   DEBUG: 2026-04-08 09:39:29,879:      pdf_renderer.py:  470: printSegment: [
   DEBUG: 2026-04-08 09:39:29,879:      pdf_renderer.py:  470: printSegment: CRITICAL
   DEBUG: 2026-04-08 09:39:29,879:      pdf_renderer.py:  470: printSegment: ]
   DEBUG: 2026-04-08 09:39:29,880:      pdf_renderer.py:  470: printSegment:  Line 373 -- Figure 4 note says 
   DEBUG: 2026-04-08 09:39:29,881:      pdf_renderer.py:  470: printSegment: "
   DEBUG: 2026-04-08 09:39:29,881:      pdf_renderer.py:  470: printSegment: observed estimate of 0.386 (no-controls specification)
   DEBUG: 2026-04-08 09:39:29,882:      pdf_renderer.py:  470: printSegment: "
   DEBUG: 2026-04-08 09:39:29,886:      pdf_renderer.py:  470: printSegment: 
   DEBUG: 2026-04-08 09:39:29,887:      pdf_renderer.py:  470: printSegment: but sensitivity analysis reports no-controls as 0.396. The robustness data confirms 0.386 -- reconcile
   DEBUG: 2026-04-08 09:39:29,888:      pdf_renderer.py:  470: printSegment: and explain.
   DEBUG: 2026-04-08 09:39:29,888:      pdf_renderer.py:  470: printSegment:  3 
   DEBUG: 2026-04-08 09:39:29,889:      pdf_renderer.py:  470: printSegment: [
   DEBUG: 2026-04-08 09:39:29,889:      pdf_renderer.py:  470: printSegment: CRITICAL
   DEBUG: 2026-04-08 09:39:29,890:      pdf_renderer.py:  470: printSegment: ]
   DEBUG: 2026-04-08 09:39:29,895:      pdf_renderer.py:  470: printSegment:  Line 401 -- LFP fade-out references endline as +0.098, but Table 3 reports 0.101.
   DEBUG: 2026-04-08 09:39:29,896:      pdf_renderer.py:  470: printSegment: Midline LFP value of +0.028 is unverifiable (not in any table).
   DEBUG: 2026-04-08 09:39:29,897:      pdf_renderer.py:  470: printSegment: Major Issues
   DEBUG: 2026-04-08 09:39:29,898:      pdf_renderer.py:  470: printSegment:  4 
   DEBUG: 2026-04-08 09:39:29,898:      pdf_renderer.py:  470: printSegment: [
   DEBUG: 2026-04-08 09:39:29,899:      pdf_renderer.py:  470: printSegment: MAJOR
   DEBUG: 2026-04-08 09:39:29,899:      pdf_renderer.py:  470: printSegment: ]
   DEBUG: 2026-04-08 09:39:29,900:      pdf_renderer.py:  470: printSegment:  Line 90 -- 
   DEBUG: 2026-04-08 09:39:29,900:      pdf_renderer.py:  470: printSegment: "
   DEBUG: 2026-04-08 09:39:29,901:      pdf_renderer.py:  470: printSegment: Our contribution relative to this literature is twofold.
   DEBUG: 2026-04-08 09:39:29,902:      pdf_renderer.py:  470: printSegment: "
   DEBUG: 2026-04-08 09:39:29,902:      pdf_renderer.py:  470: printSegment:  Another 
   DEBUG: 2026-04-08 09:39:29,903:      pdf_renderer.py:  470: printSegment: "
   DEBUG: 2026-04-08 09:39:29,903:      pdf_renderer.py:  470: printSegment: we contribute
   DEBUG: 2026-04-08 09:39:29,904:      pdf_renderer.py:  470: printSegment: "
   DEBUG: 2026-04-08 09:39:29,905:      pdf_renderer.py:  470: printSegment:  formulation. Rephrase.
   DEBUG: 2026-04-08 09:39:29,905:      pdf_renderer.py:  470: printSegment:  5 
   DEBUG: 2026-04-08 09:39:29,906:      pdf_renderer.py:  470: printSegment: [
   DEBUG: 2026-04-08 09:39:29,906:      pdf_renderer.py:  470: printSegment: MAJOR
   DEBUG: 2026-04-08 09:39:29,907:      pdf_renderer.py:  470: printSegment: ]
   DEBUG: 2026-04-08 09:39:29,907:      pdf_renderer.py:  470: printSegment:  Line 112 -- 
   DEBUG: 2026-04-08 09:39:29,908:      pdf_renderer.py:  470: printSegment: "
   DEBUG: 2026-04-08 09:39:29,909:      pdf_renderer.py:  470: printSegment: likely due to eligibility screening or logistical constraints.
   DEBUG: 2026-04-08 09:39:29,909:      pdf_renderer.py:  470: printSegment: "
   DEBUG: 2026-04-08 09:39:29,910:      pdf_renderer.py:  470: printSegment:  Vague hedging
   DEBUG: 2026-04-08 09:39:29,911:      pdf_renderer.py:  470: printSegment: about the study
   DEBUG: 2026-04-08 09:39:29,920:      pdf_renderer.py:  470: printSegment: '
   DEBUG: 2026-04-08 09:39:29,921:      pdf_renderer.py:  470: printSegment: s own design. State the reason or acknowledge it is undocumented.
   DEBUG: 2026-04-08 09:39:29,921:      pdf_renderer.py:  470: printSegment:  6 
   DEBUG: 2026-04-08 09:39:29,922:      pdf_renderer.py:  470: printSegment: [
   DEBUG: 2026-04-08 09:39:29,923:      pdf_renderer.py:  470: printSegment: MAJOR
   DEBUG: 2026-04-08 09:39:29,923:      pdf_renderer.py:  470: printSegment: ]
   DEBUG: 2026-04-08 09:39:29,924:      pdf_renderer.py:  470: printSegment:  Line 317 -- 
   DEBUG: 2026-04-08 09:39:29,924:      pdf_renderer.py:  470: printSegment: "
   DEBUG: 2026-04-08 09:39:29,925:      pdf_renderer.py:  470: printSegment: The visual pattern is unambiguous.
   DEBUG: 2026-04-08 09:39:29,926:      pdf_renderer.py:  470: printSegment: "
   DEBUG: 2026-04-08 09:39:29,927:      pdf_renderer.py:  470: printSegment:  Editorializing. Let the figure speak.
   DEBUG: 2026-04-08 09:39:29,928:      pdf_renderer.py:  470: printSegment:  7 
   DEBUG: 2026-04-08 09:39:29,928:      pdf_renderer.py:  470: printSegment: [
   DEBUG: 2026-04-08 09:39:29,929:      pdf_renderer.py:  470: printSegment: MAJOR
   DEBUG: 2026-04-08 09:39:29,930:      pdf_renderer.py:  470: printSegment: ]
   DEBUG: 2026-04-08 09:39:29,931:      pdf_renderer.py:  470: printSegment:  Line 357 -- 
   DEBUG: 2026-04-08 09:39:29,932:      pdf_renderer.py:  470: printSegment: "
   DEBUG: 2026-04-08 09:39:29,934:      pdf_renderer.py:  470: printSegment: We subject our findings to a comprehensive battery of robustness tests.
   DEBUG: 2026-04-08 09:39:29,935:      pdf_renderer.py:  470: printSegment: "
   DEBUG: 2026-04-08 09:39:29,936:      pdf_renderer.py:  470: printSegment: 
   DEBUG: 2026-04-08 09:39:29,937:      pdf_renderer.py:  470: printSegment: Throat-clearing. Delete or simplify.
   DEBUG: 2026-04-08 09:39:29,938:      pdf_renderer.py:  470: printSegment:  8 
   DEBUG: 2026-04-08 09:39:29,939:      pdf_renderer.py:  470: printSegment: [
   DEBUG: 2026-04-08 09:39:29,939:      pdf_renderer.py:  470: printSegment: MAJOR
   DEBUG: 2026-04-08 09:39:29,940:      pdf_renderer.py:  470: printSegment: ]
   DEBUG: 2026-04-08 09:39:29,941:      pdf_renderer.py:  470: printSegment:  Line 441 -- 
   DEBUG: 2026-04-08 09:39:29,942:      pdf_renderer.py:  470: printSegment: "
   DEBUG: 2026-04-08 09:39:29,943:      pdf_renderer.py:  470: printSegment: These effects almost certainly reflect the mechanical channel.
   DEBUG: 2026-04-08 09:39:29,944:      pdf_renderer.py:  470: printSegment: "
   DEBUG: 2026-04-08 09:39:29,945:      pdf_renderer.py:  470: printSegment:  
   DEBUG: 2026-04-08 09:39:29,945:      pdf_renderer.py:  470: printSegment: "
   DEBUG: 2026-04-08 09:39:29,947:      pdf_renderer.py:  470: printSegment: Almost
   DEBUG: 2026-04-08 09:39:29,948:      pdf_renderer.py:  470: printSegment: certainly
   DEBUG: 2026-04-08 09:39:29,949:      pdf_renderer.py:  470: printSegment: "
   DEBUG: 2026-04-08 09:39:29,952:      pdf_renderer.py:  470: printSegment:  without evidence. Use 
   DEBUG: 2026-04-08 09:39:29,953:      pdf_renderer.py:  470: printSegment: "
   DEBUG: 2026-04-08 09:39:29,954:      pdf_renderer.py:  470: printSegment: likely
   DEBUG: 2026-04-08 09:39:29,955:      pdf_renderer.py:  470: printSegment: "
   DEBUG: 2026-04-08 09:39:29,956:      pdf_renderer.py:  470: printSegment:  or 
   DEBUG: 2026-04-08 09:39:29,957:      pdf_renderer.py:  470: printSegment: "
   DEBUG: 2026-04-08 09:39:29,957:      pdf_renderer.py:  470: printSegment: consistent with.
   DEBUG: 2026-04-08 09:39:29,958:      pdf_renderer.py:  470: printSegment: "
   DEBUG: 2026-04-08 09:39:29,959:      pdf_renderer.py:  470: printSegment:  9 
   DEBUG: 2026-04-08 09:39:29,959:      pdf_renderer.py:  470: printSegment: [
   DEBUG: 2026-04-08 09:39:29,960:      pdf_renderer.py:  470: printSegment: MAJOR
   DEBUG: 2026-04-08 09:39:29,961:      pdf_renderer.py:  470: printSegment: ]
   DEBUG: 2026-04-08 09:39:29,962:      pdf_renderer.py:  470: printSegment:  Line 467 -- 
   DEBUG: 2026-04-08 09:39:29,962:      pdf_renderer.py:  470: printSegment: "
   DEBUG: 2026-04-08 09:39:29,963:      pdf_renderer.py:  470: printSegment: spectacular
   DEBUG: 2026-04-08 09:39:29,964:      pdf_renderer.py:  470: printSegment: "
   DEBUG: 2026-04-08 09:39:29,965:      pdf_renderer.py:  470: printSegment:  is informal. Replace with 
   DEBUG: 2026-04-08 09:39:29,965:      pdf_renderer.py:  470: printSegment: "
   DEBUG: 2026-04-08 09:39:29,966:      pdf_renderer.py:  470: printSegment: large
   DEBUG: 2026-04-08 09:39:29,967:      pdf_renderer.py:  470: printSegment: "
   DEBUG: 2026-04-08 09:39:29,967:      pdf_renderer.py:  470: printSegment:  or 
   DEBUG: 2026-04-08 09:39:29,968:      pdf_renderer.py:  470: printSegment: "
   DEBUG: 2026-04-08 09:39:29,969:      pdf_renderer.py:  470: printSegment: substantial.
   DEBUG: 2026-04-08 09:39:29,969:      pdf_renderer.py:  470: printSegment: "
   DEBUG: 2026-04-08 09:39:29,970:      pdf_renderer.py:  470: printSegment: Minor Issues
   DEBUG: 2026-04-08 09:39:29,971:      pdf_renderer.py:  470: printSegment:  10 
   DEBUG: 2026-04-08 09:39:29,971:      pdf_renderer.py:  470: printSegment: [
   DEBUG: 2026-04-08 09:39:29,972:      pdf_renderer.py:  470: printSegment: MINOR
   DEBUG: 2026-04-08 09:39:29,973:      pdf_renderer.py:  470: printSegment: ]
   DEBUG: 2026-04-08 09:39:29,974:      pdf_renderer.py:  470: printSegment:  Abstract reports salary to three decimal places (65.342) -- false precision for abstract.
   DEBUG: 2026-04-08 09:39:29,975:      pdf_renderer.py:  470: printSegment:  11 
   DEBUG: 2026-04-08 09:39:29,975:      pdf_renderer.py:  470: printSegment: [
   DEBUG: 2026-04-08 09:39:29,976:      pdf_renderer.py:  470: printSegment: MINOR
   DEBUG: 2026-04-08 09:39:29,977:      pdf_renderer.py:  470: printSegment: ]
   DEBUG: 2026-04-08 09:39:29,978:      pdf_renderer.py:  470: printSegment:  Internal variable names (
   DEBUG: 2026-04-08 09:39:29,978:      pdf_renderer.py:  470: printSegment: \
   DEBUG: 2026-04-08 09:39:29,979:      pdf_renderer.py:  470: printSegment: texttt{b
   DEBUG: 2026-04-08 09:39:29,980:      pdf_renderer.py:  470: printSegment: _
   DEBUG: 2026-04-08 09:39:29,981:      pdf_renderer.py:  470: printSegment: b2gender}) in running text -- move to footnotes.
   DEBUG: 2026-04-08 09:39:29,982:      pdf_renderer.py:  470: printSegment:  12 
   DEBUG: 2026-04-08 09:39:29,982:      pdf_renderer.py:  470: printSegment: [
   DEBUG: 2026-04-08 09:39:29,983:      pdf_renderer.py:  470: printSegment: MINOR
   DEBUG: 2026-04-08 09:39:29,984:      pdf_renderer.py:  470: printSegment: ]
   DEBUG: 2026-04-08 09:39:29,985:      pdf_renderer.py:  470: printSegment:  Percentage formatting inconsistent: 
   DEBUG: 2026-04-08 09:39:29,985:      pdf_renderer.py:  470: printSegment: "
   DEBUG: 2026-04-08 09:39:29,986:      pdf_renderer.py:  470: printSegment: 25 percent
   DEBUG: 2026-04-08 09:39:29,987:      pdf_renderer.py:  470: printSegment: "
   DEBUG: 2026-04-08 09:39:29,987:      pdf_renderer.py:  470: printSegment:  (line 66) vs. 
   DEBUG: 2026-04-08 09:39:29,988:      pdf_renderer.py:  470: printSegment: "
   DEBUG: 2026-04-08 09:39:29,989:      pdf_renderer.py:  470: printSegment: 15--18
   DEBUG: 2026-04-08 09:39:29,989:      pdf_renderer.py:  470: printSegment: %
   DEBUG: 2026-04-08 09:39:29,990:      pdf_renderer.py:  470: printSegment: "
   DEBUG: 2026-04-08 09:39:29,991:      pdf_renderer.py:  470: printSegment:  (line 114).
   DEBUG: 2026-04-08 09:39:29,992:      pdf_renderer.py:  470: printSegment: Standardize.
   DEBUG: 2026-04-08 09:39:29,993:      pdf_renderer.py:  470: printSegment:  13 
   DEBUG: 2026-04-08 09:39:29,993:      pdf_renderer.py:  470: printSegment: [
   DEBUG: 2026-04-08 09:39:29,994:      pdf_renderer.py:  470: printSegment: MINOR
   DEBUG: 2026-04-08 09:39:29,995:      pdf_renderer.py:  470: printSegment: ]
   DEBUG: 2026-04-08 09:39:29,996:      pdf_renderer.py:  470: printSegment:  Decimal precision for salary inconsistent across text (three decimals vs. implied
   DEBUG: 2026-04-08 09:39:29,997:      pdf_renderer.py:  470: printSegment: rounding).
   DEBUG: 2026-04-08 09:39:29,998:      pdf_renderer.py:  470: printSegment: Style Patterns to Fix Throughout
   DEBUG: 2026-04-08 09:39:29,999:      pdf_renderer.py:  470: printSegment:  1 
   DEBUG: 2026-04-08 09:39:29,999:      pdf_renderer.py:  470: printSegment: [
   DEBUG: 2026-04-08 09:39:30,000:      pdf_renderer.py:  470: printSegment: MAJOR
   DEBUG: 2026-04-08 09:39:30,001:      pdf_renderer.py:  470: printSegment: ]
   DEBUG: 2026-04-08 09:39:30,001:      pdf_renderer.py:  470: printSegment:  
   DEBUG: 2026-04-08 09:39:30,002:      pdf_renderer.py:  470: printSegment: "
   DEBUG: 2026-04-08 09:39:30,003:      pdf_renderer.py:  470: printSegment: Contribute to the literature
   DEBUG: 2026-04-08 09:39:30,004:      pdf_renderer.py:  470: printSegment: "
   DEBUG: 2026-04-08 09:39:30,005:      pdf_renderer.py:  470: printSegment:  formulations.
   DEBUG: 2026-04-08 09:39:30,006:      pdf_renderer.py:  470: printSegment:  Lines 74, 90. Search for 
   DEBUG: 2026-04-08 09:39:30,006:      pdf_renderer.py:  470: printSegment: "
   DEBUG: 2026-04-08 09:39:30,007:      pdf_renderer.py:  470: printSegment: contribut
   DEBUG: 2026-04-08 09:39:30,008:      pdf_renderer.py:  470: printSegment: "
   DEBUG: 2026-04-08 09:39:30,009:      pdf_renderer.py:  470: printSegment:  and
   DEBUG: 2026-04-08 09:39:30,011:      pdf_renderer.py:  470: printSegment: rephrase to describe findings directly.
   DEBUG: 2026-04-08 09:39:30,013:      pdf_renderer.py:  470: printSegment:  2 
   DEBUG: 2026-04-08 09:39:30,013:      pdf_renderer.py:  470: printSegment: [
   DEBUG: 2026-04-08 09:39:30,014:      pdf_renderer.py:  470: printSegment: MAJOR
   DEBUG: 2026-04-08 09:39:30,015:      pdf_renderer.py:  470: printSegment: ]
   DEBUG: 2026-04-08 09:39:30,016:      pdf_renderer.py:  470: printSegment:  
   DEBUG: 2026-04-08 09:39:30,017:      pdf_renderer.py:  470: printSegment: Editorializing adverbs/adjectives.
   DEBUG: 2026-04-08 09:39:30,017:      pdf_renderer.py:  470: printSegment:  
   DEBUG: 2026-04-08 09:39:30,018:      pdf_renderer.py:  470: printSegment: "
   DEBUG: 2026-04-08 09:39:30,019:      pdf_renderer.py:  470: printSegment: Almost certainly,
   DEBUG: 2026-04-08 09:39:30,020:      pdf_renderer.py:  470: printSegment: "
   DEBUG: 2026-04-08 09:39:30,020:      pdf_renderer.py:  470: printSegment:  
   DEBUG: 2026-04-08 09:39:30,021:      pdf_renderer.py:  470: printSegment: "
   DEBUG: 2026-04-08 09:39:30,022:      pdf_renderer.py:  470: printSegment: spectacular,
   DEBUG: 2026-04-08 09:39:30,022:      pdf_renderer.py:  470: printSegment: "
   DEBUG: 2026-04-08 09:39:30,023:      pdf_renderer.py:  470: printSegment:  
   DEBUG: 2026-04-08 09:39:30,025:      pdf_renderer.py:  470: printSegment: "
   DEBUG: 2026-04-08 09:39:30,026:      pdf_renderer.py:  470: printSegment: unambiguous,
   DEBUG: 2026-04-08 09:39:30,027:      pdf_renderer.py:  470: printSegment: "
   DEBUG: 2026-04-08 09:39:30,027:      pdf_renderer.py:  470: printSegment:  
   DEBUG: 2026-04-08 09:39:30,028:      pdf_renderer.py:  470: printSegment: "
   DEBUG: 2026-04-08 09:39:30,029:      pdf_renderer.py:  470: printSegment: comprehensive.
   DEBUG: 2026-04-08 09:39:30,030:      pdf_renderer.py:  470: printSegment: "
   DEBUG: 2026-04-08 09:39:30,031:      pdf_renderer.py:  470: printSegment:  Delete or replace with neutral descriptors.
   DEBUG: 2026-04-08 09:39:30,031:      pdf_renderer.py:  470: printSegment:  3 
   DEBUG: 2026-04-08 09:39:30,032:      pdf_renderer.py:  470: printSegment: [
   DEBUG: 2026-04-08 09:39:30,033:      pdf_renderer.py:  470: printSegment: MINOR
   DEBUG: 2026-04-08 09:39:30,034:      pdf_renderer.py:  470: printSegment: ]
   DEBUG: 2026-04-08 09:39:30,035:      pdf_renderer.py:  470: printSegment:  
   DEBUG: 2026-04-08 09:39:30,036:      pdf_renderer.py:  470: printSegment: Percentage formatting.
   DEBUG: 2026-04-08 09:39:30,037:      pdf_renderer.py:  470: printSegment:  Standardize on one form (
   DEBUG: 2026-04-08 09:39:30,037:      pdf_renderer.py:  470: printSegment: "
   DEBUG: 2026-04-08 09:39:30,038:      pdf_renderer.py:  470: printSegment: percent
   DEBUG: 2026-04-08 09:39:30,039:      pdf_renderer.py:  470: printSegment: "
   DEBUG: 2026-04-08 09:39:30,040:      pdf_renderer.py:  470: printSegment:  in prose, 
   DEBUG: 2026-04-08 09:39:30,041:      pdf_renderer.py:  470: printSegment: "
   DEBUG: 2026-04-08 09:39:30,042:      pdf_renderer.py:  470: printSegment: %
   DEBUG: 2026-04-08 09:39:30,042:      pdf_renderer.py:  470: printSegment: "
   DEBUG: 2026-04-08 09:39:30,043:      pdf_renderer.py:  470: printSegment:  in
   DEBUG: 2026-04-08 09:39:30,044:      pdf_renderer.py:  470: printSegment: parenthetical/tabular).
   DEBUG: 2026-04-08 09:39:30,045:      pdf_renderer.py:  470: printSegment:  4 
   DEBUG: 2026-04-08 09:39:30,046:      pdf_renderer.py:  470: printSegment: [
   DEBUG: 2026-04-08 09:39:30,047:      pdf_renderer.py:  470: printSegment: MINOR
   DEBUG: 2026-04-08 09:39:30,047:      pdf_renderer.py:  470: printSegment: ]
   DEBUG: 2026-04-08 09:39:30,048:      pdf_renderer.py:  470: printSegment:  
   DEBUG: 2026-04-08 09:39:30,049:      pdf_renderer.py:  470: printSegment: Decimal precision for salary.
   DEBUG: 2026-04-08 09:39:30,050:      pdf_renderer.py:  470: printSegment:  Standardize to one decimal place in running text.
   DEBUG: 2026-04-08 09:39:30,051:      pdf_renderer.py:  470: printSegment:  5 
   DEBUG: 2026-04-08 09:39:30,052:      pdf_renderer.py:  470: printSegment: [
   DEBUG: 2026-04-08 09:39:30,053:      pdf_renderer.py:  470: printSegment: MINOR
   DEBUG: 2026-04-08 09:39:30,053:      pdf_renderer.py:  470: printSegment: ]
   DEBUG: 2026-04-08 09:39:30,054:      pdf_renderer.py:  470: printSegment:  
   DEBUG: 2026-04-08 09:39:30,055:      pdf_renderer.py:  470: printSegment: Variable names in running text.
   DEBUG: 2026-04-08 09:39:30,056:      pdf_renderer.py:  470: printSegment:  Move all 
   DEBUG: 2026-04-08 09:39:30,057:      pdf_renderer.py:  470: printSegment: \
   DEBUG: 2026-04-08 09:39:30,059:      pdf_renderer.py:  470: printSegment: texttt{} variable names to footnotes or data
   DEBUG: 2026-04-08 09:39:30,060:      pdf_renderer.py:  470: printSegment: appendix.
   DEBUG: 2026-04-08 09:39:30,061:      pdf_renderer.py:  470: printSegment:  6 
   DEBUG: 2026-04-08 09:39:30,061:      pdf_renderer.py:  470: printSegment: [
   DEBUG: 2026-04-08 09:39:30,062:      pdf_renderer.py:  470: printSegment: MINOR
   DEBUG: 2026-04-08 09:39:30,063:      pdf_renderer.py:  470: printSegment: ]
   DEBUG: 2026-04-08 09:39:30,064:      pdf_renderer.py:  470: printSegment:  
   DEBUG: 2026-04-08 09:39:30,065:      pdf_renderer.py:  470: printSegment: First-person consistency.
   DEBUG: 2026-04-08 09:39:30,066:      pdf_renderer.py:  470: printSegment:  Mostly clean (
   DEBUG: 2026-04-08 09:39:30,066:      pdf_renderer.py:  470: printSegment: "
   DEBUG: 2026-04-08 09:39:30,067:      pdf_renderer.py:  470: printSegment: we
   DEBUG: 2026-04-08 09:39:30,068:      pdf_renderer.py:  470: printSegment: "
   DEBUG: 2026-04-08 09:39:30,069:      pdf_renderer.py:  470: printSegment:  throughout), but some passive
   DEBUG: 2026-04-08 09:39:30,070:      pdf_renderer.py:  470: printSegment: constructions remain.
   DEBUG: 2026-04-08 09:39:30,072:      pdf_renderer.py:  470: printSegment: Priority Action Items
   DEBUG: 2026-04-08 09:39:30,073:      pdf_renderer.py:  470: printSegment: CRITICAL
   DEBUG: 2026-04-08 09:39:30,074:      pdf_renderer.py:  470: printSegment:  (must fix -- could cause desk rejection or major referee objections):
   DEBUG: 2026-04-08 09:39:30,075:      pdf_renderer.py:  470: printSegment:  1 
   DEBUG: 2026-04-08 09:39:30,079:      pdf_renderer.py:  470: printSegment: Disclose the study context: country, voucher structure/value/duration, training content/duration,
   DEBUG: 2026-04-08 09:39:30,080:      pdf_renderer.py:  470: printSegment: timing of midline/endline relative to intervention (Agent 6)
   DEBUG: 2026-04-08 09:39:30,081:      pdf_renderer.py:  470: printSegment:  2 
   DEBUG: 2026-04-08 09:39:30,082:      pdf_renderer.py:  470: printSegment: Report compliance/take-up rates for both treatment arms (Agent 6)
   DEBUG: 2026-04-08 09:39:30,082:      pdf_renderer.py:  470: printSegment:  3 
   DEBUG: 2026-04-08 09:39:30,083:      pdf_renderer.py:  470: printSegment: Clarify whether midline employment and salary include subsidized/active-voucher positions (Agent
   DEBUG: 2026-04-08 09:39:30,084:      pdf_renderer.py:  470: printSegment: 6)
   DEBUG: 2026-04-08 09:39:30,084:      pdf_renderer.py:  470: printSegment:  4 
   DEBUG: 2026-04-08 09:39:30,086:      pdf_renderer.py:  470: printSegment: Address the general equilibrium/displacement concern -- did voucher jobs displace other hires?
   DEBUG: 2026-04-08 09:39:30,087:      pdf_renderer.py:  470: printSegment: (Agent 3)
   DEBUG: 2026-04-08 09:39:30,087:      pdf_renderer.py:  470: printSegment:  5 
   DEBUG: 2026-04-08 09:39:30,104:      pdf_renderer.py:  470: printSegment: Reconcile numerical inconsistencies across specifications: 0.030 vs. 0.034 (endline employment),
   DEBUG: 2026-04-08 09:39:30,111:      pdf_renderer.py:  470: printSegment: 0.101 vs. 0.098 (endline LFP), 65.342 vs. 64.796 (midline salary), 0.386 vs. 0.396 (permutation) --
   DEBUG: 2026-04-08 09:39:30,112:      pdf_renderer.py:  470: printSegment: clearly label which numbers come from which specification (Agents 2, 4)
   DEBUG: 2026-04-08 09:39:30,112:      pdf_renderer.py:  470: printSegment:  6 
   DEBUG: 2026-04-08 09:39:30,113:      pdf_renderer.py:  470: printSegment: Provide pre-analysis plan or registration; address multiple hypothesis testing (Agent 6)
   DEBUG: 2026-04-08 09:39:30,114:      pdf_renderer.py:  470: printSegment:  7 
   DEBUG: 2026-04-08 09:39:30,115:      pdf_renderer.py:  470: printSegment: Include missing references.bib file -- paper will not compile (Agent 2)
   DEBUG: 2026-04-08 09:39:30,115:      pdf_renderer.py:  470: printSegment:  8 
   DEBUG: 2026-04-08 09:39:30,116:      pdf_renderer.py:  470: printSegment: Table 3 notes must state which controls are included to be self-contained (Agent 5)
   DEBUG: 2026-04-08 09:39:30,117:      pdf_renderer.py:  470: printSegment:  9 
   DEBUG: 2026-04-08 09:39:30,118:      pdf_renderer.py:  470: printSegment: Weaken causal/mechanism language: 
   DEBUG: 2026-04-08 09:39:30,118:      pdf_renderer.py:  470: printSegment: "
   DEBUG: 2026-04-08 09:39:30,119:      pdf_renderer.py:  470: printSegment: ineffective,
   DEBUG: 2026-04-08 09:39:30,119:      pdf_renderer.py:  470: printSegment: "
   DEBUG: 2026-04-08 09:39:30,120:      pdf_renderer.py:  470: printSegment:  
   DEBUG: 2026-04-08 09:39:30,120:      pdf_renderer.py:  470: printSegment: "
   DEBUG: 2026-04-08 09:39:30,121:      pdf_renderer.py:  470: printSegment: almost certainly,
   DEBUG: 2026-04-08 09:39:30,121:      pdf_renderer.py:  470: printSegment: "
   DEBUG: 2026-04-08 09:39:30,122:      pdf_renderer.py:  470: printSegment:  
   DEBUG: 2026-04-08 09:39:30,122:      pdf_renderer.py:  470: printSegment: "
   DEBUG: 2026-04-08 09:39:30,123:      pdf_renderer.py:  470: printSegment: generate lasting changes
   DEBUG: 2026-04-08 09:39:30,123:      pdf_renderer.py:  470: printSegment: "
   DEBUG: 2026-04-08 09:39:30,124:      pdf_renderer.py:  470: printSegment: 
   DEBUG: 2026-04-08 09:39:30,124:      pdf_renderer.py:  470: printSegment: (Agent 3)
   DEBUG: 2026-04-08 09:39:30,125:      pdf_renderer.py:  470: printSegment: MAJOR
   DEBUG: 2026-04-08 09:39:30,125:      pdf_renderer.py:  470: printSegment:  (should fix -- will likely be raised by referees):
   DEBUG: 2026-04-08 09:39:30,126:      pdf_renderer.py:  470: printSegment:  10 
   DEBUG: 2026-04-08 09:39:30,127:      pdf_renderer.py:  470: printSegment: Provide cost-effectiveness analysis or remove policy recommendations about 
   DEBUG: 2026-04-08 09:39:30,128:      pdf_renderer.py:  470: printSegment: "
   DEBUG: 2026-04-08 09:39:30,128:      pdf_renderer.py:  470: printSegment: marginal dollar
   DEBUG: 2026-04-08 09:39:30,129:      pdf_renderer.py:  470: printSegment: "
   DEBUG: 2026-04-08 09:39:30,130:      pdf_renderer.py:  470: printSegment: 
   DEBUG: 2026-04-08 09:39:30,130:      pdf_renderer.py:  470: printSegment: allocation (Agents 3, 6)
   DEBUG: 2026-04-08 09:39:30,130:      pdf_renderer.py:  470: printSegment:  11 
   DEBUG: 2026-04-08 09:39:30,134:      pdf_renderer.py:  470: printSegment: Report regression results for midline LFP and ever-employed (two primary outcomes with no
   DEBUG: 2026-04-08 09:39:30,136:      pdf_renderer.py:  470: printSegment: estimates in any table) (Agents 4, 5)
   DEBUG: 2026-04-08 09:39:30,136:      pdf_renderer.py:  470: printSegment:  12 
   DEBUG: 2026-04-08 09:39:30,137:      pdf_renderer.py:  470: printSegment: Clarify which specification is primary -- main table coefficient (0.399) matches 
   DEBUG: 2026-04-08 09:39:30,138:      pdf_renderer.py:  470: printSegment: "
   DEBUG: 2026-04-08 09:39:30,139:      pdf_renderer.py:  470: printSegment: age only
   DEBUG: 2026-04-08 09:39:30,139:      pdf_renderer.py:  470: printSegment: "
   DEBUG: 2026-04-08 09:39:30,140:      pdf_renderer.py:  470: printSegment:  controls,
   DEBUG: 2026-04-08 09:39:30,140:      pdf_renderer.py:  470: printSegment: not 
   DEBUG: 2026-04-08 09:39:30,141:      pdf_renderer.py:  470: printSegment: "
   DEBUG: 2026-04-08 09:39:30,142:      pdf_renderer.py:  470: printSegment: full controls
   DEBUG: 2026-04-08 09:39:30,142:      pdf_renderer.py:  470: printSegment: "
   DEBUG: 2026-04-08 09:39:30,143:      pdf_renderer.py:  470: printSegment:  (0.401) (Agent 4)
   DEBUG: 2026-04-08 09:39:30,143:      pdf_renderer.py:  470: printSegment:  13 
   DEBUG: 2026-04-08 09:39:30,145:      pdf_renderer.py:  470: printSegment: Address multiple hypothesis testing with formal correction (Westfall-Young, Bonferroni) (Agents 3,
   DEBUG: 2026-04-08 09:39:30,146:      pdf_renderer.py:  470: printSegment: 6)
   DEBUG: 2026-04-08 09:39:30,146:      pdf_renderer.py:  470: printSegment:  14 
   DEBUG: 2026-04-08 09:39:30,147:      pdf_renderer.py:  470: printSegment: Report attrition by arm with formal differential attrition test (Agent 6)
   DEBUG: 2026-04-08 09:39:30,148:      pdf_renderer.py:  470: printSegment:  15 
   DEBUG: 2026-04-08 09:39:30,149:      pdf_renderer.py:  470: printSegment: Add missing literature: Alfonsi et al. (2020 QJE), Bassi 
   DEBUG: 2026-04-08 09:39:30,150:      pdf_renderer.py:  470: printSegment: &
   DEBUG: 2026-04-08 09:39:30,151:      pdf_renderer.py:  470: printSegment:  Nansamba (2022 AER), Blattman 
   DEBUG: 2026-04-08 09:39:30,151:      pdf_renderer.py:  470: printSegment: &
   DEBUG: 2026-04-08 09:39:30,152:      pdf_renderer.py:  470: printSegment: 
   DEBUG: 2026-04-08 09:39:30,153:      pdf_renderer.py:  470: printSegment: Dercon (2018 QJE) (Agent 6)
   DEBUG: 2026-04-08 09:39:30,153:      pdf_renderer.py:  470: printSegment:  16 
   DEBUG: 2026-04-08 09:39:30,154:      pdf_renderer.py:  470: printSegment: Decompose salary effect into extensive and intensive margins (Agent 6)
   DEBUG: 2026-04-08 09:39:30,155:      pdf_renderer.py:  470: printSegment:  17 
   DEBUG: 2026-04-08 09:39:30,156:      pdf_renderer.py:  470: printSegment: Complete table notes: define sample, dependent variables, and controls in every table (Agent 5)
   DEBUG: 2026-04-08 09:39:30,157:      pdf_renderer.py:  470: printSegment:  18 
   DEBUG: 2026-04-08 09:39:30,158:      pdf_renderer.py:  470: printSegment: Complete figure notes: specify outcomes plotted, sample sizes, specification used (Agent 5)
   DEBUG: 2026-04-08 09:39:30,159:      pdf_renderer.py:  470: printSegment:  19 
   DEBUG: 2026-04-08 09:39:30,159:      pdf_renderer.py:  470: printSegment: Remove 
   DEBUG: 2026-04-08 09:39:30,160:      pdf_renderer.py:  470: printSegment: "
   DEBUG: 2026-04-08 09:39:30,161:      pdf_renderer.py:  470: printSegment: contribute to the literature
   DEBUG: 2026-04-08 09:39:30,161:      pdf_renderer.py:  470: printSegment: "
   DEBUG: 2026-04-08 09:39:30,162:      pdf_renderer.py:  470: printSegment:  formulations and editorializing language (Agent 1)
   DEBUG: 2026-04-08 09:39:30,163:      pdf_renderer.py:  470: printSegment:  20 
   DEBUG: 2026-04-08 09:39:30,164:      pdf_renderer.py:  470: printSegment: Report joint balance F-test in Table 1 (Agent 5)
   DEBUG: 2026-04-08 09:39:30,165:      pdf_renderer.py:  470: printSegment: MINOR
   DEBUG: 2026-04-08 09:39:30,166:      pdf_renderer.py:  470: printSegment:  (polish -- improves paper quality):
   DEBUG: 2026-04-08 09:39:30,166:      pdf_renderer.py:  470: printSegment:  21 
   DEBUG: 2026-04-08 09:39:30,167:      pdf_renderer.py:  470: printSegment: Standardize percentage formatting (percent vs. %) throughout
   DEBUG: 2026-04-08 09:39:30,168:      pdf_renderer.py:  470: printSegment:  22 
   DEBUG: 2026-04-08 09:39:30,169:      pdf_renderer.py:  470: printSegment: Standardize salary decimal precision across text
   DEBUG: 2026-04-08 09:39:30,170:      pdf_renderer.py:  470: printSegment:  23 
   DEBUG: 2026-04-08 09:39:30,171:      pdf_renderer.py:  470: printSegment: Move internal variable names from running text to footnotes
   DEBUG: 2026-04-08 09:39:30,171:      pdf_renderer.py:  470: printSegment:  24 
   DEBUG: 2026-04-08 09:39:30,172:      pdf_renderer.py:  470: printSegment: Define 
   DEBUG: 2026-04-08 09:39:30,173:      pdf_renderer.py:  470: printSegment: "
   DEBUG: 2026-04-08 09:39:30,173:      pdf_renderer.py:  470: printSegment: pp
   DEBUG: 2026-04-08 09:39:30,174:      pdf_renderer.py:  470: printSegment: "
   DEBUG: 2026-04-08 09:39:30,175:      pdf_renderer.py:  470: printSegment:  abbreviation at first use
   DEBUG: 2026-04-08 09:39:30,176:      pdf_renderer.py:  470: printSegment:  25 
   DEBUG: 2026-04-08 09:39:30,176:      pdf_renderer.py:  470: printSegment: Standardize terminology: 
   DEBUG: 2026-04-08 09:39:30,177:      pdf_renderer.py:  470: printSegment: "
   DEBUG: 2026-04-08 09:39:30,178:      pdf_renderer.py:  470: printSegment: employment voucher
   DEBUG: 2026-04-08 09:39:30,178:      pdf_renderer.py:  470: printSegment: "
   DEBUG: 2026-04-08 09:39:30,179:      pdf_renderer.py:  470: printSegment:  vs. 
   DEBUG: 2026-04-08 09:39:30,180:      pdf_renderer.py:  470: printSegment: "
   DEBUG: 2026-04-08 09:39:30,181:      pdf_renderer.py:  470: printSegment: wage subsidy
   DEBUG: 2026-04-08 09:39:30,181:      pdf_renderer.py:  470: printSegment: "
   DEBUG: 2026-04-08 09:39:30,183:      pdf_renderer.py:  470: printSegment:  26 
   DEBUG: 2026-04-08 09:39:30,184:      pdf_renderer.py:  470: printSegment: Add R-squared to regression tables
   DEBUG: 2026-04-08 09:39:30,184:      pdf_renderer.py:  470: printSegment:  27 
   DEBUG: 2026-04-08 09:39:30,185:      pdf_renderer.py:  470: printSegment: Report exact number of permutations (not 
   DEBUG: 2026-04-08 09:39:30,186:      pdf_renderer.py:  470: printSegment: "
   DEBUG: 2026-04-08 09:39:30,187:      pdf_renderer.py:  470: printSegment: 1,000+
   DEBUG: 2026-04-08 09:39:30,188:      pdf_renderer.py:  470: printSegment: "
   DEBUG: 2026-04-08 09:39:30,188:      pdf_renderer.py:  470: printSegment: )
   DEBUG: 2026-04-08 09:39:30,189:      pdf_renderer.py:  470: printSegment:  28 
   DEBUG: 2026-04-08 09:39:30,191:      pdf_renderer.py:  470: printSegment: Clarify sample size differences between raw-means tables and regression tables (covariate
   DEBUG: 2026-04-08 09:39:30,191:      pdf_renderer.py:  470: printSegment: missingness)
   DEBUG: 2026-04-08 09:39:30,192:      pdf_renderer.py:  470: printSegment:  29 
   DEBUG: 2026-04-08 09:39:30,193:      pdf_renderer.py:  470: printSegment: Standardize table note conventions (SDs vs. Ns in parentheses)
   DEBUG: 2026-04-08 09:39:30,194:      pdf_renderer.py:  470: printSegment:  30 
   DEBUG: 2026-04-08 09:39:30,195:      pdf_renderer.py:  470: printSegment: Fix minor rounding: interaction -3.217 in text vs. -3.216 in data; 
   DEBUG: 2026-04-08 09:39:30,196:      pdf_renderer.py:  470: printSegment: "
   DEBUG: 2026-04-08 09:39:30,197:      pdf_renderer.py:  470: printSegment: 92%
   DEBUG: 2026-04-08 09:39:30,198:      pdf_renderer.py:  470: printSegment: "
   DEBUG: 2026-04-08 09:39:30,198:      pdf_renderer.py:  470: printSegment:  decline is actually 92.5%
   DEBUG: 2026-04-08 09:39:30,200:      pdf_renderer.py:   53: 0, [1, 'Pre-Submission Referee Report', 1, 68.0]
   DEBUG: 2026-04-08 09:39:30,200:      pdf_renderer.py:   53: 1, [2, 'Overall Assessment', 1, 148.0]
   DEBUG: 2026-04-08 09:39:30,200:      pdf_renderer.py:   53: 2, [2, '1. Contribution ', 1, 313.6]
   DEBUG: 2026-04-08 09:39:30,200:      pdf_renderer.py:   53: 3, [3, 'Part 1 -- Central Contribution', 1, 346.8]
   DEBUG: 2026-04-08 09:39:30,200:      pdf_renderer.py:   53: 4, [3, 'Part 2 -- Identification and Credibility', 1, 585.6]
   DEBUG: 2026-04-08 09:39:30,200:      pdf_renderer.py:   53: 5, [3, 'Part 3 -- Analyses: Required and Suggested', 2, 254.39999999999998]
   DEBUG: 2026-04-08 09:39:30,200:      pdf_renderer.py:   53: 6, [3, 'Part 4 -- Literature Positioning', 2, 631.1999999999999]
   DEBUG: 2026-04-08 09:39:30,200:      pdf_renderer.py:   53: 7, [3, 'Part 5 -- Journal Fit and Recommendation', 3, 146.4]
   DEBUG: 2026-04-08 09:39:30,200:      pdf_renderer.py:   53: 8, [3, 'Part 6 -- Questions to the Authors', 3, 307.2]
   DEBUG: 2026-04-08 09:39:30,200:      pdf_renderer.py:   53: 9, [2, '2. Unsupported Claims ', 3, 504.4]
   DEBUG: 2026-04-08 09:39:30,200:      pdf_renderer.py:   53: 10, [3, 'Causal Overclaiming (must address)', 3, 537.5999999999999]
   DEBUG: 2026-04-08 09:39:30,200:      pdf_renderer.py:   53: 11, [3, 'Generalization Issues', 4, 248.39999999999998]
   DEBUG: 2026-04-08 09:39:30,200:      pdf_renderer.py:   53: 12, [3, 'Missing Caveats', 4, 397.19999999999993]
   DEBUG: 2026-04-08 09:39:30,200:      pdf_renderer.py:   53: 13, [3, 'Minor Language Issues', 4, 605.9999999999999]
   DEBUG: 2026-04-08 09:39:30,200:      pdf_renderer.py:   53: 14, [2, '3. Internal Consistency ', 5, 128.8]
   DEBUG: 2026-04-08 09:39:30,200:      pdf_renderer.py:   53: 15, [3, 'Critical Inconsistencies', 5, 162.00000000000003]
   DEBUG: 2026-04-08 09:39:30,200:      pdf_renderer.py:   53: 16, [3, 'Terminology Drift', 5, 418.8]
   DEBUG: 2026-04-08 09:39:30,201:      pdf_renderer.py:   53: 17, [3, 'Minor Inconsistencies', 5, 495.59999999999997]
   DEBUG: 2026-04-08 09:39:30,201:      pdf_renderer.py:   53: 18, [2, '4. Mathematics, Equations ', 5, 692.8]
   DEBUG: 2026-04-08 09:39:30,201:      pdf_renderer.py:   53: 19, [3, 'Mathematical Errors', 6, 72.0]
   DEBUG: 2026-04-08 09:39:30,201:      pdf_renderer.py:   53: 20, [3, 'Notation Inconsistencies', 6, 244.8]
   DEBUG: 2026-04-08 09:39:30,201:      pdf_renderer.py:   53: 21, [3, 'Undefined Notation', 6, 309.59999999999997]
   DEBUG: 2026-04-08 09:39:30,201:      pdf_renderer.py:   53: 22, [3, 'Regression Specification Issues', 6, 374.3999999999999]
   DEBUG: 2026-04-08 09:39:30,201:      pdf_renderer.py:   53: 23, [3, 'LaTeX Math Formatting', 6, 475.1999999999999]
   DEBUG: 2026-04-08 09:39:30,201:      pdf_renderer.py:   53: 24, [2, '5. Tables, Figures ', 6, 552.3999999999999]
   DEBUG: 2026-04-08 09:39:30,201:      pdf_renderer.py:   53: 25, [3, 'Tables with Missing or Incomplete Notes', 6, 585.5999999999998]
   DEBUG: 2026-04-08 09:39:30,201:      pdf_renderer.py:   53: 26, [3, 'Figures with Missing or Incomplete Notes', 7, 260.4]
   DEBUG: 2026-04-08 09:39:30,201:      pdf_renderer.py:   53: 27, [3, 'Cross-Reference Issues', 7, 517.1999999999999]
   DEBUG: 2026-04-08 09:39:30,201:      pdf_renderer.py:   53: 28, [3, 'Formatting Inconsistencies', 7, 593.9999999999999]
   DEBUG: 2026-04-08 09:39:30,201:      pdf_renderer.py:   53: 29, [2, '6. Spelling, Grammar ', 8, 70.0]
   DEBUG: 2026-04-08 09:39:30,201:      pdf_renderer.py:   53: 30, [3, 'Critical Issues (must fix before submission)', 8, 103.19999999999999]
   DEBUG: 2026-04-08 09:39:30,201:      pdf_renderer.py:   53: 31, [3, 'Major Issues', 8, 228.0]
   DEBUG: 2026-04-08 09:39:30,201:      pdf_renderer.py:   53: 32, [3, 'Minor Issues', 8, 388.79999999999995]
   DEBUG: 2026-04-08 09:39:30,201:      pdf_renderer.py:   53: 33, [3, 'Style Patterns to Fix Throughout', 8, 501.5999999999999]
   DEBUG: 2026-04-08 09:39:30,201:      pdf_renderer.py:   53: 34, [2, 'Priority Action Items', 8, 686.7999999999998]
